judet,NUTS_ID,an,temperatura_medie_anuala_C,precipitatii_anuale_mm,judet_std,schimbare_temp_anuala_C,schimbare_precipitatii_anuala_mm,schimbare_precipitatii_anuala_pct
Alba,RO121,2012,8.933328869273362,763.6737988096418,Alba,0.6333813713592242,64.98225392231234,9.30056394668284
Alba,RO121,2013,8.863475614381068,960.1238063311982,Alba,-0.0698532548922941,196.45000752155647,25.724335158253208
Alba,RO121,2014,9.63422578978307,875.3168530545188,Alba,0.7707501754020019,-84.80695327667945,-8.832918496286613
Alba,RO121,2015,9.352633281818871,889.7366828420787,Alba,-0.28159250796419855,14.419829787559934,1.6473840001183904
Alba,RO121,2016,8.720793196298544,1121.8715812737503,Alba,-0.6318400855203272,232.13489843167156,26.090291982810566
Alba,RO121,2017,8.7471923828125,816.4294184492629,Alba,0.026399186513955897,-305.44216282448735,-27.226125335815578
Alba,RO121,2018,9.483492064244539,1033.0678609440338,Alba,0.7362996814320386,216.63844249477086,26.53486481492262
Alba,RO121,2019,9.709572208737864,845.223925558398,Alba,0.22608014449332536,-187.84393538563575,-18.18311676195027
Alba,RO121,2020,9.267863745828278,980.2670288334773,Alba,-0.44170846290958643,135.04310327507926,15.977198372119306
Alba,RO121,2021,8.353868799302184,966.860868628164,Alba,-0.9139949465260937,-13.406160205313313,-1.3676028889053504
Alba,RO121,2022,9.067242964957524,762.1736531807381,Alba,0.7133741656553401,-204.68721544742584,-21.170286448540153
Alba,RO121,2023,9.708808972997574,519.3161487609726,Alba,0.6415660080400496,-242.85750441976552,-31.863802088442895
Alba,RO121,2024,10.637989229368932,761.4982550659226,Alba,0.9291802563713585,242.18210630495003,46.63481135388685
Arad,RO421,2012,11.57309341430664,714.9121330482885,Arad,0.6246223449707031,163.86256254679756,29.736446831393405
Arad,RO421,2013,11.660892486572266,889.6271763403201,Arad,0.087799072265625,174.71504329203162,24.4386736796689
Arad,RO421,2014,12.229084014892578,843.0182650880888,Arad,0.5681915283203125,-46.60891125223134,-5.239151016492938
Arad,RO421,2015,12.092039108276367,699.0032460717484,Arad,-0.13704490661621094,-144.01501901634037,-17.08326200990342
Arad,RO421,2016,11.29583740234375,982.5069079280365,Arad,-0.7962017059326172,283.5036618562881,40.55827543713411
Arad,RO421,2017,11.43174934387207,662.2697565434501,Arad,0.1359119415283203,-320.23715138458647,-32.59388293359889
Arad,RO421,2018,12.277984619140625,789.9546383041888,Arad,0.8462352752685547,127.68488176073879,19.27989018057503
Arad,RO421,2019,12.440263748168945,737.7360055192839,Arad,0.1622791290283203,-52.21863278490491,-6.610333081530307
Arad,RO421,2020,11.775501251220703,818.9293917324394,Arad,-0.6647624969482422,81.19338621315546,11.00575078425301
Arad,RO421,2021,11.20501708984375,813.9458009209484,Arad,-0.5704841613769531,-4.983590811491013,-0.6085495113257844
Arad,RO421,2022,11.94516372680664,562.6633529830724,Arad,0.7401466369628906,-251.282447937876,-30.872135178234174
Arad,RO421,2023,12.393351554870605,495.0211500544101,Arad,0.44818782806396484,-67.6422029286623,-12.021789329275423
Arad,RO421,2024,13.340899467468262,540.7690532952547,Arad,0.9475479125976562,45.74790324084461,9.241605785089435
Argeş,RO311,2012,9.367703995614681,809.8582884669304,Arges,0.867151224388266,137.84838526695967,20.512850273568063
Argeş,RO311,2013,9.250959288399175,875.0642951546974,Arges,-0.11674470721550634,65.20600668776706,8.051532918333493
Argeş,RO311,2014,9.284967386497641,1039.483177863202,Arges,0.03400809809846628,164.4188827085045,18.789348807728224
Argeş,RO311,2015,9.59809731537441,854.8137260062515,Arges,0.31312992887676927,-184.66945185695045,-17.765506531482643
Argeş,RO311,2016,9.09626510908019,963.9255215382238,Arges,-0.5018322062942211,109.11179553197235,12.764394418623827
Argeş,RO311,2017,8.927038804540095,898.8075428970579,Arges,-0.16922630454009457,-65.1179786411659,-6.755498966066509
Argeş,RO311,2018,9.279315300707546,934.8884762519936,Arges,0.3522764961674518,36.08093335493561,4.014311366217371
Argeş,RO311,2019,9.895587273363796,833.3631094013745,Arges,0.61627197265625,-101.5253668506191,-10.859623305834132
Argeş,RO311,2020,9.888934441332546,876.0446042577332,Arges,-0.00665283203125,42.68149485635877,5.121596381560245
Argeş,RO311,2021,8.742061399063974,953.7228313875648,Arges,-1.146873042268572,77.67822712983161,8.866926039188128
Argeş,RO311,2022,9.49673864976415,617.1437770070262,Arges,0.7546772507001762,-336.57905438053865,-35.29107653749383
Argeş,RO311,2023,10.189747936320755,420.58824156537514,Arges,0.6930092865566042,-196.55553544165105,-31.84922910425997
Argeş,RO311,2024,10.89903403228184,698.2524091119193,Arges,0.7092860959610849,277.66416754654415,66.01805283788104
Bacău,RO211,2012,8.81048583984375,667.0289433553534,Bacau,0.7634058538472885,100.14008951890014,17.66485420222963
Bacău,RO211,2013,8.823332012824292,732.0258934632787,Bacau,0.012846172980541581,64.99695010792539,9.74424734569559
Bacău,RO211,2014,8.765987756117335,916.1625989374687,Bacau,-0.05734425670695664,184.13670547418997,25.154397831888573
Bacău,RO211,2015,9.503111641362029,639.1886278023978,Bacau,0.737123885244694,-276.9739711350709,-30.231966624297367
Bacău,RO211,2016,9.12637617003243,901.1112847443459,Bacau,-0.3767354713295994,261.92265694194805,40.977364982613594
Bacău,RO211,2017,8.816443677218455,697.7115737351606,Bacau,-0.3099324928139744,-203.39971100918524,-22.572096749059323
Bacău,RO211,2018,8.914294548754421,749.1565528400242,Bacau,0.09785087153596628,51.44497910486359,7.373387663537767
Bacău,RO211,2019,9.59778522995283,682.8555661999392,Bacau,0.6834906811984087,-66.30098664008506,-8.850084323328755
Bacău,RO211,2020,9.895081718012971,668.2190169305453,Bacau,0.297296488060141,-14.636549269393868,-2.1434326662731373
Bacău,RO211,2021,8.487097398290095,736.4337267520011,Bacau,-1.4079843197228765,68.21470982145581,10.208435871041077
Bacău,RO211,2022,9.40792558778007,491.9825326252096,Bacau,0.9208281894899759,-244.4511941267915,-33.19391620002652
Bacău,RO211,2023,10.18897866303066,307.4233311035161,Bacau,0.7810530752505898,-184.55920152169352,-37.51336465888109
Bacău,RO211,2024,10.69948246793927,689.0967121403313,Bacau,0.510503804908609,381.6733810368152,124.1523796085267
Bihor,RO111,2012,10.687437947591146,732.2885443836451,Bihor,0.5944295247395832,100.43798836749056,15.89584553042993
Bihor,RO111,2013,10.703790283203125,905.1544376548379,Bihor,0.016352335611978575,172.86589327119282,23.60625392777258
Bihor,RO111,2014,11.534244791666667,844.0035609528422,Bihor,0.8304545084635429,-61.150876701995685,-6.755850069125369
Bihor,RO111,2015,11.127626546223958,765.6841462254524,Bihor,-0.40661824544270964,-78.31941472738981,-9.279512356437303
Bihor,RO111,2016,10.391116333007812,1002.4770930200815,Bihor,-0.7365102132161461,236.79294679462907,30.925669280464163
Bihor,RO111,2017,10.487699381510417,775.0974489971995,Bihor,0.09658304850260535,-227.37964402288196,-22.681779524544922
Bihor,RO111,2018,11.343302408854166,912.9926132520039,Bihor,0.8556030273437489,137.8951642548044,17.790687407526562
Bihor,RO111,2019,11.615374755859374,742.3194145468374,Bihor,0.2720723470052082,-170.67319870516656,-18.693820325363074
Bihor,RO111,2020,10.861710611979166,863.4926380634308,Bihor,-0.7536641438802079,121.17322351659345,16.32359616925363
Bihor,RO111,2021,10.19617919921875,880.1536177650094,Bihor,-0.6655314127604157,16.660979701578526,1.9294871741980746
Bihor,RO111,2022,10.88133544921875,631.7185082485279,Bihor,0.6851562499999986,-248.43510951648148,-28.226335096745657
Bihor,RO111,2023,11.445361328125,538.7148781955242,Bihor,0.56402587890625,-93.00363005300369,-14.72232154648453
Bihor,RO111,2024,12.282440185546875,591.4868706129491,Bihor,0.8370788574218757,52.77199241742494,9.795904021472301
Bistriţa-Năsăud,RO112,2012,7.269302029079861,847.1228339155515,Bistrita-Nasaud,0.3455417209201386,111.21779867313387,15.113063961642425
Bistriţa-Năsăud,RO112,2013,7.520638020833333,916.6995652410719,Bistrita-Nasaud,0.2513359917534723,69.57673132552043,8.213299009297682
Bistriţa-Năsăud,RO112,2014,8.444218614366319,875.2054417312145,Bistrita-Nasaud,0.9235805935329857,-41.494123509857445,-4.526469203565664
Bistriţa-Năsăud,RO112,2015,8.10665554470486,874.4828999612066,Bistrita-Nasaud,-0.3375630696614582,-0.7225417700078651,-0.08255681872574305
Bistriţa-Năsăud,RO112,2016,7.490473090277778,1011.6123163938522,Bistrita-Nasaud,-0.6161824544270829,137.1294164326456,15.681200448714193
Bistriţa-Năsăud,RO112,2017,7.397848849826389,927.6894665347205,Bistrita-Nasaud,-0.09262424045138928,-83.9228498591317,-8.295949792139334
Bistriţa-Năsăud,RO112,2018,8.142098659939236,928.5586731851101,Bistrita-Nasaud,0.7442498101128479,0.8692066503896285,0.09369586286631648
Bistriţa-Năsăud,RO112,2019,8.317428927951388,848.3149727788236,Bistrita-Nasaud,0.1753302680121518,-80.24370040628651,-8.641747982498217
Bistriţa-Năsăud,RO112,2020,7.939214409722222,1013.7916110581822,Bistrita-Nasaud,-0.3782145182291661,165.47663827935855,19.50650920816677
Bistriţa-Năsăud,RO112,2021,6.8646355523003475,1020.9318690194024,Bistrita-Nasaud,-1.0745788574218746,7.140257961220186,0.7043121962478249
Bistriţa-Năsăud,RO112,2022,7.409889051649306,770.6998685061932,Bistrita-Nasaud,0.5452534993489584,-250.2320005132092,-24.510156662418147
Bistriţa-Năsăud,RO112,2023,8.491436089409722,543.2072358578444,Bistrita-Nasaud,1.0815470377604166,-227.49263264834883,-29.517668543175667
Bistriţa-Năsăud,RO112,2024,9.142536078559028,818.1132072289785,Bistrita-Nasaud,0.651099989149305,274.9059713711341,50.60793620265327
Botoşani,RO212,2012,10.220124368106617,561.9203092256013,Botosani,0.4699570599724261,119.41920708137394,26.987324212912544
Botoşani,RO212,2013,9.999977022058824,680.5255267073127,Botosani,-0.22014734604779385,118.6052174817114,21.107124183705817
Botoşani,RO212,2014,9.931383559283088,744.6924556030947,Botosani,-0.06859346277573586,64.16692889578201,9.429026006746621
Botoşani,RO212,2015,11.138251091452206,489.20111066383475,Botosani,1.2068675321691185,-255.49134493925993,-34.30830311451838
Botoşani,RO212,2016,10.777358111213236,731.6798945381361,Botosani,-0.36089298023897065,242.4787838743013,49.56627828282383
Botoşani,RO212,2017,10.552968462775736,550.4050019621849,Botosani,-0.22438964843749964,-181.27489257595118,-24.775163829037382
Botoşani,RO212,2018,10.328907686121324,637.7730035271715,Botosani,-0.2240607766544116,87.36800156498657,15.873402540587577
Botoşani,RO212,2019,11.295020967371324,556.9807466044145,Botosani,0.9661132812499993,-80.7922569227569,-12.667870304315077
Botoşani,RO212,2020,11.31271613625919,643.5610824416666,Botosani,0.01769516888786704,86.58033583725205,15.544583249076682
Botoşani,RO212,2021,9.591180778952205,625.051151415881,Botosani,-1.7215353573069851,-18.50993102578559,-2.8761731451440564
Botoşani,RO212,2022,10.768040556066177,441.24537522266894,Botosani,1.1768597771139717,-183.80577619321207,-29.40651749490434
Botoşani,RO212,2023,11.62550838694853,251.26828454522524,Botosani,0.8574678308823529,-189.9770906774437,-43.054749430874864
Botoşani,RO212,2024,12.180191578584559,612.1903930295916,Botosani,0.5546831916360286,360.9221084843664,143.6401371297637
Braşov,RO122,2012,7.9019248268821025,809.9734041399577,Brasov,0.7900668057528408,67.57755353869027,9.102630824776181
Braşov,RO122,2013,7.920989990234375,833.171359912577,Brasov,0.019065163352272485,23.197955772619366,2.8640391961080924
Braşov,RO122,2014,8.333515514026988,931.7050618590279,Brasov,0.4125255237926133,98.53370194645083,11.826342897431052
Braşov,RO122,2015,8.266625144264914,830.4609570482916,Brasov,-0.06689036976207419,-101.2441048107363,-10.866540169774785
Braşov,RO122,2016,7.710083701393821,1035.5848872133276,Brasov,-0.5565414428710929,205.12393016503609,24.700008883513114
Braşov,RO122,2017,7.499950755726207,909.2477561479265,Brasov,-0.2101329456676142,-126.3371310654012,-12.199592001131254
Braşov,RO122,2018,8.35426191850142,866.9030813378366,Brasov,0.8543111627752129,-42.34467481008983,-4.657110729586522
Braşov,RO122,2019,8.704570423473012,819.5683749704199,Brasov,0.3503085049715917,-47.33470636741674,-5.460207419538532
Braşov,RO122,2020,8.38591142134233,883.8504249370573,Brasov,-0.31865900213068166,64.28204996663737,7.843402933764665
Braşov,RO122,2021,7.295982360839844,952.9684472578493,Brasov,-1.0899290605024863,69.11802232079208,7.820103987132687
Braşov,RO122,2022,8.080502596768467,665.7886948185889,Brasov,0.784520235928623,-287.1797524392605,-30.135284464623712
Braşov,RO122,2023,8.833500948819248,424.5315537020056,Brasov,0.7529983520507812,-241.25714111658323,-36.2362928349692
Braşov,RO122,2024,9.517314564098012,734.4560981660404,Brasov,0.6838136152787637,309.9245444640348,73.00388905404715
Brăila,RO221,2012,12.609327799479166,676.6279077416658,Braila,1.1481038411458329,228.65754999677335,51.04300899457903
Brăila,RO221,2013,12.775828450520834,604.4032584718863,Braila,0.16650065104166778,-72.22464926977955,-10.674204898056717
Brăila,RO221,2014,12.191689453125,745.5610301240285,Braila,-0.5841389973958329,141.1577716521423,23.354899179238654
Brăila,RO221,2015,12.818063151041667,607.8858072425921,Braila,0.6263736979166659,-137.6752228814364,-18.465989680084714
Brăila,RO221,2016,12.556761067708333,664.2829972889026,Braila,-0.2613020833333337,56.39719004631047,9.277596116634413
Brăila,RO221,2017,12.117711588541667,660.5553069631259,Braila,-0.43904947916666615,-3.7276903257767344,-0.5611599786522148
Brăila,RO221,2018,12.45958984375,539.2444529050589,Braila,0.3418782552083339,-121.31085405806698,-18.36498061241659
Brăila,RO221,2019,13.31123046875,443.28265136241913,Braila,0.8516406249999999,-95.96180154263976,-17.795602908044216
Brăila,RO221,2020,13.818824869791667,455.0460775392254,Braila,0.5075944010416666,11.763426176806263,2.653707773280023
Brăila,RO221,2021,12.216526692708333,600.970855495135,Braila,-1.602298177083334,145.92477795590958,32.06813225267955
Brăila,RO221,2022,13.431277669270834,251.7747606790066,Braila,1.2147509765625006,-349.1960948161284,-58.105329338879265
Brăila,RO221,2023,13.983854166666667,266.21838419914246,Braila,0.5525764973958331,14.443623520135873,5.736724158205186
Brăila,RO221,2024,14.334825846354166,461.81588368644316,Braila,0.35097167968749865,195.5974994873007,73.4725740582159
Buzău,RO222,2012,10.703076655321782,755.2532923186179,Buzau,0.8189425326810031,224.7859390298329,42.3750750420752
Buzău,RO222,2013,10.808170734065595,745.3137223013114,Buzau,0.1050940787438126,-9.93957001730655,-1.3160578203892603
Buzău,RO222,2014,10.490588499767945,912.3452581214433,Buzau,-0.31758223429764953,167.03153582013192,22.410903062993025
Buzău,RO222,2015,11.208601243425123,701.8377380570267,Buzau,0.7180127436571784,-210.50752006441655,-23.07323002893228
Buzău,RO222,2016,10.816855855507425,814.6457882958769,Buzau,-0.3917453879176982,112.80805023885011,16.073238032361846
Buzău,RO222,2017,10.495714244275991,773.6386003042802,Buzau,-0.32114161123143425,-41.00718799159665,-5.033744552632847
Buzău,RO222,2018,10.877663791769802,636.3287564597213,Buzau,0.3819495474938108,-137.30984384455894,-17.748577150953114
Buzău,RO222,2019,11.484897122524753,629.1988413024067,Buzau,0.6072333307549513,-7.129915157314599,-1.1204766537634692
Buzău,RO222,2020,11.951631149443068,609.8351187101096,Buzau,0.46673402691831534,-19.36372259229711,-3.0775203832567932
Buzău,RO222,2021,10.45716903233292,722.7630969173838,Buzau,-1.4944621171101478,112.92797820727424,18.517788619017782
Buzău,RO222,2022,11.589319210241337,383.56931651789364,Buzau,1.1321501779084162,-339.19378039949015,-46.930146523275255
Buzău,RO222,2023,12.172487768796412,312.62243811904204,Buzau,0.5831685585550748,-70.9468783988516,-18.496494725625922
Buzău,RO222,2024,12.652242226175742,581.8971725899247,Buzau,0.47975445737933065,269.27473447088266,86.13416749323247
Caraş-Severin,RO422,2012,9.829625802446705,917.544235523126,Caras-Severin,0.5831980150799403,247.56824824237083,36.95180916068066
Caraş-Severin,RO422,2013,9.938747199006784,1066.960892728364,Caras-Severin,0.10912139656007902,149.41665720523793,16.284409123888178
Caraş-Severin,RO422,2014,10.226414880087209,1188.065857375315,Caras-Severin,0.28766768108042484,121.1049646469512,11.350459559700399
Caraş-Severin,RO422,2015,10.384776980377907,865.4865676668263,Caras-Severin,0.15836210029069875,-322.5792897084888,-27.151633699930876
Caraş-Severin,RO422,2016,9.706586497698643,1162.2424625301546,Caras-Severin,-0.6781904826792644,296.7558948633283,34.28775280283334
Caraş-Severin,RO422,2017,9.806025542030039,776.7440804247708,Caras-Severin,0.09943904433139572,-385.4983821053838,-33.16849921884367
Caraş-Severin,RO422,2018,10.312370359435562,1037.4177286416984,Caras-Severin,0.5063448174055232,260.67364821692763,33.55978562133044
Caraş-Severin,RO422,2019,10.671716970990795,901.2917440083138,Caras-Severin,0.3593466115552335,-136.12598463338463,-13.12161734614038
Caraş-Severin,RO422,2020,10.123083779978197,1037.2707873384159,Caras-Severin,-0.5486331910125983,135.97904333010206,15.087128472448065
Caraş-Severin,RO422,2021,9.5257445342781,931.5078463157018,Caras-Severin,-0.5973392457000966,-105.76294102271402,-10.19627105223857
Caraş-Severin,RO422,2022,10.233523346656977,699.0743034715339,Caras-Severin,0.7077788123788764,-232.43354284416796,-24.952397745600173
Caraş-Severin,RO422,2023,10.649402707122093,602.0055340505386,Caras-Severin,0.41587936046511587,-97.0687694209953,-13.885329347533071
Caraş-Severin,RO422,2024,11.487745654675388,765.5000861069952,Caras-Severin,0.8383429475532953,163.49455205645666,27.158313804260015
Cluj,RO113,2012,8.573215180793694,769.636989940848,Cluj,0.36430534430309613,102.52405785825272,15.36832115339044
Cluj,RO113,2013,8.787399967159844,912.404941867015,Cluj,0.21418478636615035,142.76795192616703,18.55003771805974
Cluj,RO113,2014,9.605052846722899,818.4206587039264,Cluj,0.8176528795630542,-93.98428316308866,-10.300720529940644
Cluj,RO113,2015,9.26044403346239,844.0434515528974,Cluj,-0.34460881326050874,25.622792848971017,3.130760761775986
Cluj,RO113,2016,8.634456668279867,1050.6522714893902,Cluj,-0.6259873651825227,206.60881993649275,24.478457780386464
Cluj,RO113,2017,8.652639743501107,781.9669157203319,Cluj,0.01818307522123952,-268.6853557690582,-25.57319515315696
Cluj,RO113,2018,9.454943091468474,935.2921548142897,Cluj,0.8023033479673671,153.32523909395775,19.607637613762428
Cluj,RO113,2019,9.581030921598451,780.3776530061675,Cluj,0.12608783012997726,-154.91450180812217,-16.563220487921427
Cluj,RO113,2020,8.991720824115044,963.4063597511401,Cluj,-0.5893100974834073,183.02870674497262,23.45386314432636
Cluj,RO113,2021,8.103779750587666,930.4652783527838,Cluj,-0.8879410735273776,-32.941081398356346,-3.419230220450842
Cluj,RO113,2022,8.841350724211836,701.7090922530773,Cluj,0.7375709736241696,-228.7561860997065,-24.585139437408877
Cluj,RO113,2023,9.580406526548673,525.5578859515686,Cluj,0.7390558023368374,-176.15120630150875,-25.103167145221818
Cluj,RO113,2024,10.398307867809734,713.3890836494686,Cluj,0.8179013412610612,187.83119769790005,35.73939288491794
Constanţa,RO223,2012,12.873309144879332,630.7322332227584,Constanta,1.3071446182704207,148.35081106896445,30.75384006427737
Constanţa,RO223,2013,12.987026705600247,547.9684818550796,Constanta,0.11371756072091443,-82.76375136767876,-13.121852191506555
Constanţa,RO223,2014,12.637688060798267,831.4127085893462,Constanta,-0.3493386448019802,283.4442267342665,51.726374074417755
Constanţa,RO223,2015,12.795190187964108,617.0104709136309,Constanta,0.15750212716584144,-214.40223767571524,-25.787702721009698
Constanţa,RO223,2016,12.617683032951733,597.8181359319403,Constanta,-0.1775071550123748,-19.19233498169058,-3.110536350099824
Constanţa,RO223,2017,12.135159634127476,564.4900600883631,Constanta,-0.48252339882425765,-33.32807584357727,-5.574952287391222
Constanţa,RO223,2018,12.47508194422958,615.5507978420742,Constanta,0.3399223101021036,51.06073775371112,9.045462686396677
Constanţa,RO223,2019,13.543001382657797,402.27105048741447,Constanta,1.067919438428218,-213.27974735465972,-34.648602211604775
Constanţa,RO223,2020,13.584061726485148,462.25988983060466,Constanta,0.041060343827350465,59.98883934319019,14.912541996373907
Constanţa,RO223,2021,12.35763942605198,753.3705976227723,Constanta,-1.2264223004331676,291.1107077921676,62.975549944176464
Constanţa,RO223,2022,13.174722501547029,315.4531089775633,Constanta,0.8170830754950487,-437.91748864520895,-58.127764745138485
Constanţa,RO223,2023,13.948811446086015,291.13774975179,Constanta,0.7740889445389865,-24.315359225773307,-7.708074047703473
Constanţa,RO223,2024,14.099911529238861,454.28433322139307,Constanta,0.15110008315284595,163.14658346960306,56.037591692830624
Covasna,RO123,2012,7.5966796875,693.2394228846796,Covasna,0.907001126197077,40.48277475612781,6.201817303920465
Covasna,RO123,2013,7.597218175088206,703.713576550926,Covasna,0.0005384875882059603,10.474153666246366,1.5108998883331948
Covasna,RO123,2014,7.840553529800907,902.0988905237567,Covasna,0.24333535471270107,198.38531397283077,28.191201730847105
Covasna,RO123,2015,7.999987202305948,722.1518240349908,Covasna,0.15943367250504092,-179.94706648876593,-19.947598692233072
Covasna,RO123,2016,7.4994137671685985,938.0629306848972,Covasna,-0.5005734351373494,215.9111066499064,29.89829831676016
Covasna,RO123,2017,7.217642507245464,802.2388694344029,Covasna,-0.28177125992313456,-135.8240612504943,-14.47920569159754
Covasna,RO123,2018,7.837973317792339,788.9605994984026,Covasna,0.620330810546875,-13.278269936000243,-1.6551516564339175
Covasna,RO123,2019,8.332831598097279,725.848608878351,Covasna,0.49485828030493995,-63.11199062005164,-7.999384336832072
Covasna,RO123,2020,8.29950935609879,790.8621426561186,Covasna,-0.03332224199848888,65.01353377776763,8.956899962684028
Covasna,RO123,2021,7.158283848916331,855.366090771652,Covasna,-1.141225507182459,64.50394811553338,8.15615574907862
Covasna,RO123,2022,7.956347065587198,561.7438939886708,Covasna,0.798063216670867,-293.6221967829812,-34.32707935827752
Covasna,RO123,2023,8.737973120904737,359.63631576107394,Covasna,0.7816260553175391,-202.1075782275969,-35.97859814595029
Covasna,RO123,2024,9.414478917275705,662.1536047453842,Covasna,0.676505796370968,302.51728898431026,84.11755869095518
Călăraşi,RO312,2012,12.681420337194684,685.4220640172904,Calarasi,1.12158203125,180.9087319526522,35.85806765746167
Călăraşi,RO312,2013,13.093087733477011,601.9171146054206,Calarasi,0.4116673962823274,-83.5049494118698,-12.182996987643413
Călăraşi,RO312,2014,12.374106220815374,866.1314655288883,Calarasi,-0.718981512661637,264.2143509234677,43.89547074046403
Călăraşi,RO312,2015,12.940923581178161,640.1474824289138,Calarasi,0.5668173603627871,-225.98398309997447,-26.09118731900373
Călăraşi,RO312,2016,12.64776962104885,662.0693623939122,Calarasi,-0.2931539601293114,21.921879964998425,3.4245045972562727
Călăraşi,RO312,2017,12.178054283405173,656.85339012468,Calarasi,-0.46971533764367734,-5.215972269232225,-0.7878286725687356
Călăraşi,RO312,2018,12.564178116020114,610.4668519675047,Calarasi,0.3861238326149419,-46.38653815717532,-7.061931757461204
Călăraşi,RO312,2019,13.58575790229885,468.48038545319406,Calarasi,1.0215797862787355,-141.98646651431062,-23.25866933752344
Călăraşi,RO312,2020,13.863042721803161,507.2345697090201,Calarasi,0.2772848195043114,38.75418425582603,8.272317360381344
Călăraşi,RO312,2021,12.391367243624282,734.4817381932818,Calarasi,-1.471675478178879,227.2471684842617,44.801198903817664
Călăraşi,RO312,2022,13.458709366020114,289.9939558863554,Calarasi,1.0673421223958321,-444.48778230692636,-60.51719997835503
Călăraşi,RO312,2023,14.365568314475574,303.0018543776596,Calarasi,0.9068589484554597,13.00789849130416,4.485575725723678
Călăraşi,RO312,2024,14.53442523123204,466.88941569412236,Calarasi,0.1688569167564662,163.88756131646278,54.087973043291804
Dolj,RO411,2012,12.972580096043577,589.1845246305979,Dolj,1.0866184059633017,144.41990989583343,32.47108810172732
Dolj,RO411,2013,12.81295020427179,661.9316706875459,Dolj,-0.15962989177178777,72.74714605694794,12.347090430210873
Dolj,RO411,2014,12.21788990825688,998.773185932855,Dolj,-0.5950602960149087,336.8415152453091,50.88765656059833
Dolj,RO411,2015,13.161549419438073,658.0883157743364,Dolj,0.9436595111811918,-340.6848701585186,-34.11033405350371
Dolj,RO411,2016,12.727789922591743,763.8752352070371,Dolj,-0.43375949684632964,105.78691943270076,16.07488188089574
Dolj,RO411,2017,12.642165997706423,677.5830618044652,Dolj,-0.08562392488532033,-86.29217340257196,-11.29663188769089
Dolj,RO411,2018,12.720974143491972,735.9938971151453,Dolj,0.0788081457855494,58.41083531068011,8.620468633782963
Dolj,RO411,2019,13.745851849197248,590.7833968138476,Dolj,1.0248777057052756,-145.21050030129766,-19.729851140135157
Dolj,RO411,2020,13.56747576512328,609.2989473471401,Dolj,-0.17837608407396743,18.515550533292526,3.1340675166480203
Dolj,RO411,2021,12.759429651662844,685.4523403732055,Dolj,-0.8080461134604366,76.15339302606537,12.498526931259901
Dolj,RO411,2022,13.504768581565367,478.55524715808554,Dolj,0.7453389299025233,-206.89709321511998,-30.18402316672688
Dolj,RO411,2023,14.053392882740825,328.836302654288,Dolj,0.5486243011754581,-149.71894450379756,-31.28561339425446
Dolj,RO411,2024,14.90011736668578,521.7222646730482,Dolj,0.8467244839449553,192.88596201876027,58.65713744554082
Dâmboviţa,RO313,2012,10.41187054177989,788.3639469345411,Dambovita,0.8812379698822461,149.72553788708603,23.44449312254886
Dâmboviţa,RO313,2013,10.426982492640398,777.4772123072458,Dambovita,0.015111950860507761,-10.886734627295255,-1.3809275106538066
Dâmboviţa,RO313,2014,10.30304485818614,1028.5125612011855,Dambovita,-0.12393763445425776,251.0353488939396,32.28845102083
Dâmboviţa,RO313,2015,10.787939983865488,769.395246943378,Dambovita,0.48489512567934767,-259.1173142578075,-25.193402981407242
Dâmboviţa,RO313,2016,10.308967037477355,874.4625488960224,Dambovita,-0.4789729463881329,105.06730195264447,13.655829350395866
Dâmboviţa,RO313,2017,10.012339716372283,913.3207659341286,Dambovita,-0.2966273211050723,38.858217038106204,4.443668523845101
Dâmboviţa,RO313,2018,10.436042232789855,835.383002889977,Dambovita,0.4237025164175723,-77.93776304415167,-8.533449139792449
Dâmboviţa,RO313,2019,11.09026126585145,774.6874661618385,Dambovita,0.6542190330615938,-60.69553672813845,-7.265593927356006
Dâmboviţa,RO313,2020,11.256088477977809,766.3050050290599,Dambovita,0.1658272121263593,-8.382461132778644,-1.0820442435075517
Dâmboviţa,RO313,2021,10.015658613564312,862.2385935291001,Dambovita,-1.2404298644134961,95.93358850004017,12.51898237261313
Dâmboviţa,RO313,2022,10.916712664175725,527.0309148668379,Dambovita,0.9010540506114122,-335.2076786622622,-38.876441066071244
Dâmboviţa,RO313,2023,11.63162452587183,378.13887919631344,Dambovita,0.7149118616961054,-148.89203567052442,-28.251100926051787
Dâmboviţa,RO313,2024,12.22477390455163,640.0204127681428,Dambovita,0.5931493786798008,261.8815335718294,69.25538419334865
Galaţi,RO224,2012,11.930775960286459,616.7058345704443,Galati,1.0999552408854179,169.49832767869032,37.90149428768805
Galaţi,RO224,2013,11.891143798828125,637.1062369934386,Galati,-0.039632161458333925,20.400402422994375,3.307963258885649
Galaţi,RO224,2014,11.610372755262587,666.3768149407374,Galati,-0.2807710435655384,29.27057794729876,4.594300957628228
Galaţi,RO224,2015,12.381888495551216,546.0780618509484,Galati,0.7715157402886295,-120.29875308978899,-18.05266185626333
Galaţi,RO224,2016,12.017615424262154,700.8095798426205,Galati,-0.3642730712890625,154.73151799167204,28.335054784512813
Galaţi,RO224,2017,11.564136081271702,635.9119394976232,Galati,-0.4534793429904518,-64.89764034499728,-9.26038145191611
Galaţi,RO224,2018,11.793755425347221,524.8820847591592,Galati,0.22961934407551965,-111.029854738464,-17.459941831911298
Galaţi,RO224,2019,12.686938815646702,467.4397026681238,Galati,0.8931833902994804,-57.44238209103537,-10.943864109477586
Galaţi,RO224,2020,13.13975609673394,478.2385225865162,Galati,0.4528172810872384,10.798819918392383,2.310205970257395
Galaţi,RO224,2021,11.45882839626736,573.5487488806248,Galati,-1.6809277004665795,95.31022629410859,19.92943307423889
Galaţi,RO224,2022,12.67271508110894,282.09079914208917,Galati,1.2138866848415795,-291.4579497385356,-50.81659585298791
Galaţi,RO224,2023,13.228900485568577,262.9381934499575,Galati,0.5561854044596366,-19.152605692131658,-6.789518038298192
Galaţi,RO224,2024,13.684712727864584,549.1113519731703,Galati,0.45581224229600714,286.17315852321275,108.83666414848072
Giurgiu,RO314,2012,12.573301153667902,642.056124684164,Giurgiu,0.9816511768405718,129.38793270201495,25.23814325241387
Giurgiu,RO314,2013,12.775020276085804,678.5685803905382,Giurgiu,0.20171912241790224,36.51245570637411,5.686801247217299
Giurgiu,RO314,2014,12.18788276284428,924.6166008832091,Giurgiu,-0.5871375132415242,246.04802049267096,36.25986047733929
Giurgiu,RO314,2015,13.003533832097459,606.0112545639277,Giurgiu,0.8156510692531782,-318.60534631928147,-34.45810360910072
Giurgiu,RO314,2016,12.57799465373411,676.1490912296005,Giurgiu,-0.42553917836334776,70.13783666567281,11.573685494693065
Giurgiu,RO314,2017,11.978744248212394,769.9440014766434,Giurgiu,-0.5992504055217172,93.79491024704294,13.871927281078445
Giurgiu,RO314,2018,12.48704399496822,679.0618020700196,Giurgiu,0.5082997467558261,-90.88219940662384,-11.803741471110197
Giurgiu,RO314,2019,13.464547884666313,565.1878699842146,Giurgiu,0.9775038896980934,-113.873932085805,-16.76930313834133
Giurgiu,RO314,2020,13.634144928495763,585.4258114778894,Giurgiu,0.16959704382944985,20.23794149367484,3.5807459021086396
Giurgiu,RO314,2021,12.343271029197563,744.7007993227345,Giurgiu,-1.2908738992981998,159.2749878448451,27.20669036487482
Giurgiu,RO314,2022,13.33788545252913,357.47650014495446,Giurgiu,0.9946144233315675,-387.22429917778004,-51.997298717812555
Giurgiu,RO314,2023,14.396447133209746,310.5709294884513,Giurgiu,1.058561680680615,-46.90557065650313,-13.121301858299272
Giurgiu,RO314,2024,14.707676774364407,539.1330264708248,Giurgiu,0.3112296411546609,228.56209698237348,73.59416973083846
Gorj,RO412,2012,9.693924125583692,830.4868026026364,Gorj,0.888056612562858,182.604372584443,28.184800840997525
Gorj,RO412,2013,9.510267937320402,1057.448542589857,Gorj,-0.18365618826329033,226.96173998722054,27.328759382563604
Gorj,RO412,2014,9.543736249551007,1254.2829873048026,Gorj,0.03346831223060498,196.83444471494568,18.61409201367541
Gorj,RO412,2015,9.98028494297773,983.5786146704835,Gorj,0.4365486934267242,-270.70437263431916,-21.582400094256837
Gorj,RO412,2016,9.406546055585489,1116.3302928318067,Gorj,-0.573738887392242,132.75167816132318,13.496804035923194
Gorj,RO412,2017,9.464323898841595,905.1284367914858,Gorj,0.057777843256106465,-211.20185604032088,-18.91929811423131
Gorj,RO412,2018,9.665507700251437,1032.3553338756506,Gorj,0.20118380140984193,127.22689708416476,14.056225825271905
Gorj,RO412,2019,10.06731546336207,974.4621472759493,Gorj,0.40180776311063227,-57.89318659970127,-5.607874023603832
Gorj,RO412,2020,9.91241805854885,944.9746113546279,Gorj,-0.15489740481321945,-29.48753592132141,-3.0260319504202493
Gorj,RO412,2021,9.15387313667385,920.1735607241762,Gorj,-0.758544921875,-24.80105063045164,-2.6245203132917116
Gorj,RO412,2022,9.696001425556753,749.2786765180786,Gorj,0.5421282888829033,-170.8948842060977,-18.57202722403841
Gorj,RO412,2023,10.257227404364224,522.691378522022,Gorj,0.5612259788074709,-226.58729799605658,-30.240724192100977
Gorj,RO412,2024,11.046604200341235,734.4525250830185,Gorj,0.7893767959770113,211.7611465609965,40.513609992913736
Harghita,RO124,2012,7.009012494768415,707.797862369035,Harghita,0.7532839093889505,27.768724321254695,4.083460953007512
Harghita,RO124,2013,6.953001839773996,744.4876774038587,Harghita,-0.05601065499441926,36.68981503482371,5.183657225527782
Harghita,RO124,2014,7.41218512398856,880.1162992848882,Harghita,0.4591832842145642,135.62862188102952,18.217712125738217
Harghita,RO124,2015,7.346505301339286,745.6706095827477,Harghita,-0.0656798226492743,-134.4456897021405,-15.275900447631784
Harghita,RO124,2016,6.838813236781529,956.2609932890961,Harghita,-0.507692064557757,210.59038370634835,28.241743874575896
Harghita,RO124,2017,6.701997484479632,766.9622079362827,Harghita,-0.1368157523018967,-189.2987853528134,-19.795723832853728
Harghita,RO124,2018,7.201952253069196,886.6758353353611,Harghita,0.4999547685895642,119.7136273990784,15.608803948919459
Harghita,RO124,2019,7.65144293648856,774.3912229857275,Harghita,0.4494906834193637,-112.28461234963356,-12.663547135821618
Harghita,RO124,2020,7.52105712890625,872.6115145784404,Harghita,-0.1303858075823099,98.2202915927129,12.683549177380481
Harghita,RO124,2021,6.465825762067523,871.7075497375002,Harghita,-1.0552313668387274,-0.903964840940148,-0.10359304522550294
Harghita,RO124,2022,7.009835379464286,681.4825227050377,Harghita,0.544009617396763,-190.22502703246255,-21.822115351615977
Harghita,RO124,2023,7.814541407993862,418.31011762403483,Harghita,0.8047060285295764,-263.17240508100286,-38.61763087281849
Harghita,RO124,2024,8.618181501116071,751.0202893657344,Harghita,0.8036400931222092,332.7101717416995,79.536725917954
Hunedoara,RO423,2012,8.563667014793113,925.7147061786166,Hunedoara,0.5329160337094905,160.50998389665722,20.976083814275427
Hunedoara,RO423,2013,8.542677137586805,1128.8763867335188,Hunedoara,-0.02098987720630774,203.1616805549022,21.946467869518994
Hunedoara,RO423,2014,9.148180926287615,1110.0162212440262,Hunedoara,0.6055037887008101,-18.8601654894926,-1.6707024534427406
Hunedoara,RO423,2015,9.12260267469618,958.4868878380016,Hunedoara,-0.02557825159143512,-151.52933340602453,-13.651091804424386
Hunedoara,RO423,2016,8.418353610568577,1260.0698875691053,Hunedoara,-0.7042490641276036,301.58299973110365,31.464488826901473
Hunedoara,RO423,2017,8.418757685908565,905.4878926365463,Hunedoara,0.00040407533998809697,-354.5819949325589,-28.139867354231395
Hunedoara,RO423,2018,9.184618914568865,1077.949510551713,Hunedoara,0.7658612286603006,172.4616179151667,19.04626437499932
Hunedoara,RO423,2019,9.433462072301793,927.5625620616806,Hunedoara,0.24884315773292798,-150.3869484900324,-13.951205229738617
Hunedoara,RO423,2020,8.990982055664062,1082.009306082571,Hunedoara,-0.44248001663773096,154.44674402089026,16.65081691930339
Hunedoara,RO423,2021,8.107844599971065,1032.7349427507984,Hunedoara,-0.8831374556929976,-49.27436333177252,-4.553968533798569
Hunedoara,RO423,2022,8.776425962094907,794.8534789833205,Hunedoara,0.6685813621238417,-237.88146376747784,-23.0341255941099
Hunedoara,RO423,2023,9.300880714699074,598.6641180431126,Hunedoara,0.5244547526041679,-196.18936094020796,-24.68245609129741
Hunedoara,RO423,2024,10.1846923828125,816.120537718689,Hunedoara,0.8838116681134256,217.4564196755764,36.32361003802742
Ialomiţa,RO315,2012,12.581112670898438,697.8335813060403,Ialomita,1.0875396728515625,224.20419927993788,47.33747689402885
Ialomiţa,RO315,2013,12.89429931640625,599.795260444656,Ialomita,0.3131866455078125,-98.03832086138425,-14.048954290491334
Ialomiţa,RO315,2014,12.238372802734375,837.8392280116677,Ialomita,-0.6559265136718757,238.0439675670117,39.68753727572616
Ialomiţa,RO315,2015,12.798133087158202,644.1746765814721,Ialomita,0.5597602844238274,-193.66455143019562,-23.11476294679994
Ialomiţa,RO315,2016,12.461199951171874,679.281363620609,Ialomita,-0.3369331359863281,35.10668703913689,5.449870712931815
Ialomiţa,RO315,2017,12.07400894165039,684.3665137896314,Ialomita,-0.38719100952148366,5.085150169022427,0.7486073431955065
Ialomiţa,RO315,2018,12.502862548828125,588.8901340734213,Ialomita,0.428853607177734,-95.47637971621009,-13.951059526205679
Ialomiţa,RO315,2019,13.355380249023437,474.9335732512176,Ialomita,0.8525177001953121,-113.95656082220376,-19.35107318473024
Ialomiţa,RO315,2020,13.784458923339844,484.52777043394747,Ialomita,0.42907867431640767,9.594197182729886,2.0201134901985496
Ialomiţa,RO315,2021,12.212345123291016,693.3659535322338,Ialomita,-1.5721138000488288,208.83818309828632,43.10138568760444
Ialomiţa,RO315,2022,13.346607971191407,285.1792132834438,Ialomita,1.1342628479003913,-408.18674024879,-58.870317783755134
Ialomiţa,RO315,2023,14.086958312988282,291.090458876919,Ialomita,0.7403503417968746,5.911245593475201,2.0728178345873705
Ialomiţa,RO315,2024,14.354820251464844,470.53605694118886,Ialomita,0.26786193847656214,179.44559806426986,61.64599099420993
Iaşi,RO213,2012,10.481597900390625,551.2248422087481,Iasi,0.6238581339518223,119.20028896971297,27.591091310905334
Iaşi,RO213,2013,10.393117268880209,663.8051913124509,Iasi,-0.08848063151041607,112.58034910370282,20.42367115614663
Iaşi,RO213,2014,10.207504272460938,749.3165118151034,Iasi,-0.18561299641927143,85.51132050265244,12.88199032212789
Iaşi,RO213,2015,11.324272155761719,491.4450107052301,Iasi,1.1167678833007812,-257.87150110987324,-34.41422910663204
Iaşi,RO213,2016,10.946693420410156,747.0411757401502,Iasi,-0.3775787353515625,255.59616503492003,52.00910772664802
Iaşi,RO213,2017,10.565261840820312,576.8536987273643,Iasi,-0.38143157958984375,-170.18747701278585,-22.78153902884513
Iaşi,RO213,2018,10.560120900472006,574.3454327474659,Iasi,-0.0051409403483066995,-2.508265979898397,-0.434818392502645
Iaşi,RO213,2019,11.373775482177734,548.1356421019882,Iasi,0.8136545817057286,-26.20979064547771,-4.5634193555086355
Iaşi,RO213,2020,11.708134969075521,559.7982812160626,Iasi,0.33435948689778705,11.662639114074409,2.127692165638151
Iaşi,RO213,2021,9.897263844807943,621.3858865091266,Iasi,-1.8108711242675781,61.58760529306403,11.001749622967028
Iaşi,RO213,2022,11.035284678141275,400.50410554526997,Iasi,1.1380208333333321,-220.88178096385667,-35.54663627858443
Iaşi,RO213,2023,11.865184783935547,254.52619167370722,Iasi,0.8299001057942714,-145.97791387156275,-36.4485436854186
Iaşi,RO213,2024,12.320381164550781,589.591771256101,Iasi,0.4551963806152344,335.06557958239375,131.6428684132967
Ilfov,RO322,2012,12.168689928556743,705.8983070552349,Ilfov,0.7951611970600325,197.25031679711844,38.77933670730176
Ilfov,RO322,2013,12.455487703022204,667.8275431616133,Ilfov,0.2867977744654606,-38.070763893621574,-5.393236322160866
Ilfov,RO322,2014,11.933388157894736,929.5860560661868,Ilfov,-0.5220995451274675,261.7585129045734,39.19552518983607
Ilfov,RO322,2015,12.665903191817435,637.1400662354732,Ilfov,0.7325150339226987,-292.44598983071353,-31.459808150337754
Ilfov,RO322,2016,12.168379934210526,738.6068398740731,Ilfov,-0.4975232576069093,101.46677363859988,15.925348132336726
Ilfov,RO322,2017,11.691614251387747,810.3997114645807,Ilfov,-0.4767656828227782,71.79287159050762,9.720038823733045
Ilfov,RO322,2018,12.307151392886514,649.0636099208342,Ilfov,0.6155371414987663,-161.3361015437465,-19.908213102911233
Ilfov,RO322,2019,13.075898822985197,579.2734400159434,Ilfov,0.7687474300986832,-69.79016990489083,-10.752439181331253
Ilfov,RO322,2020,13.470707943564967,598.9994899434479,Ilfov,0.3948091205797706,19.726049927504505,3.405308886069691
Ilfov,RO322,2021,12.016919587787829,739.4148881905958,Ilfov,-1.4537883557771387,140.4153982471479,23.441655728355393
Ilfov,RO322,2022,13.136978952508224,351.5091362395569,Ilfov,1.1200593647203956,-387.9057519510389,-52.4611768232411
Ilfov,RO322,2023,13.975316097861842,308.2809235063431,Ilfov,0.8383371453536181,-43.22821273321381,-12.297891655297787
Ilfov,RO322,2024,14.386998226768092,503.4655643423137,Ilfov,0.41168212890625,195.18464083597064,63.31388871421835
Maramureş,RO114,2012,7.498170055042614,973.4216477708383,Maramures,0.3540771484375007,117.06304276504295,13.669862377835361
Maramureş,RO114,2013,7.725189763849432,1016.5163146663796,Maramures,0.227019708806818,43.09466689554131,4.427132578593174
Maramureş,RO114,2014,8.769466330788353,1001.4832249262116,Maramures,1.0442765669389207,-15.033089740167952,-1.4788832725327938
Maramureş,RO114,2015,8.299616588245739,967.1549372813919,Maramures,-0.469849742542614,-34.32828764481974,-3.4277446481791096
Maramureş,RO114,2016,7.711151677911932,1098.9817971381274,Maramures,-0.5884649103338067,131.8268598567355,13.63037655861965
Maramureş,RO114,2017,7.522557484019886,1155.8201709622685,Maramures,-0.18859419389204568,56.83837382414117,5.171912216576713
Maramureş,RO114,2018,8.40902099609375,1029.855906712467,Maramures,0.8864635120738633,-125.96426424980154,-10.898258000198336
Maramureş,RO114,2019,8.604613148082386,962.3849467597224,Maramures,0.19559215198863633,-67.47095995274458,-6.551495166748822
Maramureş,RO114,2020,8.143938654119319,1123.596658944,Maramures,-0.4606744939630669,161.21171218427753,16.75127117553794
Maramureş,RO114,2021,7.03172607421875,1166.3743692858652,Maramures,-1.1122125799005689,42.77771034186526,3.8072123124742507
Maramureş,RO114,2022,7.630868807705966,819.1049741165205,Maramures,0.5991427334872155,-347.26939516934476,-29.77340760513857
Maramureş,RO114,2023,8.595611017400568,655.4564071411436,Maramures,0.9647422096946023,-163.64856697537687,-19.97894923686513
Maramureş,RO114,2024,9.306069113991477,919.2664460631934,Maramures,0.7104580965909086,263.8100389220498,40.248296614063285
Mehedinţi,RO413,2012,11.497294108072916,714.082445584152,Mehedinti,0.8736025053879306,238.92092517908964,50.28204408795898
Mehedinţi,RO413,2013,11.310400250314297,832.0980395466603,Mehedinti,-0.18689385775861922,118.01559396250832,16.52688631296155
Mehedinţi,RO413,2014,11.027536677218032,1215.405179836284,Mehedinti,-0.28286357309626453,383.3071402896238,46.06514161461737
Mehedinţi,RO413,2015,11.86261337104885,757.3174655454598,Mehedinti,0.8350766938308176,-458.08771429082435,-37.69012358105377
Mehedinţi,RO413,2016,11.247300422054598,885.861612896724,Mehedinti,-0.6153129489942515,128.5441473512642,16.973614527519175
Mehedinţi,RO413,2017,11.303722162356323,692.1746740348037,Mehedinti,0.0564217403017242,-193.68693886192023,-21.864243358347302
Mehedinţi,RO413,2018,11.359590376930676,848.0139734445289,Mehedinti,0.0558682145743532,155.8392994097252,22.514446895508545
Mehedinţi,RO413,2019,12.02423586790589,792.9549101563706,Mehedinti,0.6646454909752144,-55.05906328815831,-6.492707079402848
Mehedinţi,RO413,2020,11.793238146551724,730.1263899371542,Mehedinti,-0.23099772135416607,-62.82852021921644,-7.923340837479231
Mehedinţi,RO413,2021,11.189251077586206,740.2925381372714,Mehedinti,-0.6039870689655178,10.166148200117277,1.3923819684140248
Mehedinţi,RO413,2022,11.804282002065374,593.1974765764571,Mehedinti,0.6150309244791679,-147.09506156081432,-19.869856034336884
Mehedinţi,RO413,2023,12.195469647988507,447.0714722137855,Mehedinti,0.39118764592313227,-146.1260043626716,-24.63361867383761
Mehedinţi,RO413,2024,13.118371722341953,614.2798579696608,Mehedinti,0.9229020743534466,167.20838575587533,37.40081757574498
Mureş,RO125,2012,8.775468358453715,718.2681904243973,Mures,0.5161633761423943,93.89273298740875,15.037864135920875
Mureş,RO125,2013,8.989858951208726,801.8534953760088,Mures,0.21439059275501116,83.58530495161153,11.6370606503156
Mureş,RO125,2014,9.753489368366745,714.6600610208961,Mures,0.7636304171580193,-87.19343435511269,-10.873985691641286
Mureş,RO125,2015,9.401784069133255,757.1713328040996,Mures,-0.35170529923349036,42.51127178320348,5.948460548148704
Mureş,RO125,2016,8.93850995909493,896.8284511242834,Mures,-0.4632741100383253,139.65711832018383,18.44458608898718
Mureş,RO125,2017,8.82779218565743,759.9231684882686,Mures,-0.1107177734375,-136.90528263601482,-15.265492800143377
Mureş,RO125,2018,9.641238806382665,808.5248733848896,Mures,0.8134466207252355,48.60170489662096,6.395607728779384
Mureş,RO125,2019,9.863245550191627,717.3476129565037,Mures,0.22200674380896146,-91.17726042838592,-11.27698892511152
Mureş,RO125,2020,9.37066707970961,870.6079341908389,Mures,-0.492578470482016,153.26032123433527,21.36486111700886
Mureş,RO125,2021,8.360897424086085,853.6895828218954,Mures,-1.0097696556235256,-16.91835136894349,-1.9432801729136306
Mureş,RO125,2022,9.089337618845814,655.4986373118635,Mures,0.7284401947597292,-198.19094551003195,-23.21580929392463
Mureş,RO125,2023,9.90229538251769,433.2739107853399,Mures,0.812957763671875,-222.22472652652357,-33.90163058734122
Mureş,RO125,2024,10.642133604805425,701.0577693618131,Mures,0.7398382222877355,267.7838585764732,61.80475027704664
Neamţ,RO214,2012,8.025858770940722,660.8003220748656,Neamt,0.6120750191285449,115.62013679435574,21.207692413631296
Neamţ,RO214,2013,7.976968981556056,713.80649770996,Neamt,-0.04888978938466604,53.00617563509445,8.02151177358068
Neamţ,RO214,2014,8.043485975757088,951.6821431440791,Neamt,0.06651699420103174,237.87564543411906,33.324948175349164
Neamţ,RO214,2015,8.780367821762242,634.7623380608472,Neamt,0.7368818460051543,-316.91980508323184,-33.301014142833615
Neamţ,RO214,2016,8.30126198050902,913.4399895151865,Neamt,-0.4791058412532223,278.6776514543393,43.902675811813175
Neamţ,RO214,2017,8.118257188305412,673.2573460303631,Neamt,-0.183004792203608,-240.18264348482342,-26.29429915941185
Neamţ,RO214,2018,8.163547791156573,789.7123846972419,Neamt,0.0452906028511606,116.45503866687875,17.297254809548978
Neamţ,RO214,2019,8.808145110140142,711.7091265274692,Neamt,0.6445973189835694,-78.00325816977272,-9.87742622267187
Neamţ,RO214,2020,8.960037074138208,728.3566553039649,Neamt,0.15189196399806626,16.647528776495733,2.3390916535975137
Neamţ,RO214,2021,7.5611572265625,748.8925171898505,Neamt,-1.3988798475757083,20.53586188588565,2.8194788550830907
Neamţ,RO214,2022,8.436376198050903,579.1489961531358,Neamt,0.8752189714884029,-169.7435210367147,-22.66593898863637
Neamţ,RO214,2023,9.248388546029316,320.8458026481658,Neamt,0.8120123479784134,-258.30319350497007,-44.60047331872967
Neamţ,RO214,2024,9.866355030807023,691.5168070355335,Neamt,0.6179664847777069,370.6710043873677,115.52932945606878
Olt,RO414,2012,12.634820753528226,604.3490348934166,Olt,1.138809696320564,101.55792675383634,20.198831106942073
Olt,RO414,2013,12.438158917170698,693.1799108778597,Olt,-0.19666183635752787,88.83087598444308,14.698604755794697
Olt,RO414,2014,11.943791215137768,949.0282786828216,Olt,-0.49436770203293,255.84836780496187,36.909374289417784
Olt,RO414,2015,12.757614299815188,654.9107838929981,Olt,0.8138230846774199,-294.11749478982347,-30.991436335072752
Olt,RO414,2016,12.24936995967742,741.83973777887,Olt,-0.5082443401377681,86.92895388587192,13.273403954220854
Olt,RO414,2017,12.027314873151882,736.8830156294248,Olt,-0.22205508652553796,-4.956722149445227,-0.6681661681114615
Olt,RO414,2018,12.23925518733199,732.0211168607717,Olt,0.21194031418010795,-4.861898768653077,-0.6597924861248439
Olt,RO414,2019,13.226923460601478,591.3787717889714,Olt,0.9876682732694881,-140.64234507180026,-19.21288086263637
Olt,RO414,2020,13.17588888188844,627.5676326617117,Olt,-0.05103457871303796,36.18886087274029,6.119404787436977
Olt,RO414,2021,12.130772744455646,782.6181023694495,Olt,-1.0451161374327942,155.05046970773776,24.706575297728463
Olt,RO414,2022,13.013854324176748,422.5585488253223,Olt,0.883081579721102,-360.0595535441272,-46.0070566287712
Olt,RO414,2023,13.84711415280578,309.6838770146652,Olt,0.833259828629032,-112.8746718106571,-26.71219695458519
Olt,RO414,2024,14.404501638104838,530.9347820338062,Olt,0.5573874852990581,221.250905019141,71.44411493164804
Prahova,RO316,2012,9.812065711388222,836.5749200104902,Prahova,0.8101399739583339,183.68155239828116,28.13346888023225
Prahova,RO316,2013,9.905785193810097,795.3069729086681,Prahova,0.093719482421875,-41.26794710182219,-4.932964892290181
Prahova,RO316,2014,9.79610345302484,1045.1347078191927,Prahova,-0.10968174078525728,249.82773491052467,31.4127429307997
Prahova,RO316,2015,10.301395514072516,767.1903475682514,Prahova,0.5052920610476761,-277.9443602509414,-26.59411826738659
Prahova,RO316,2016,9.749191675430689,950.7816627149781,Prahova,-0.5522038386418266,183.59131514672674,23.93034736798405
Prahova,RO316,2017,9.50059078901242,901.5118088294298,Prahova,-0.24860088641826827,-49.26985388554829,-5.182036614469099
Prahova,RO316,2018,10.070269462389824,787.0036600973361,Prahova,0.5696786733774033,-114.50814873209367,-12.701791325482148
Prahova,RO316,2019,10.554139748597757,789.5242201009622,Prahova,0.4838702862079334,2.5205600036260876,0.32027297094328055
Prahova,RO316,2020,10.785985702123398,749.9100934123763,Prahova,0.23184595352564052,-39.614126688585884,-5.017468201738017
Prahova,RO316,2021,9.430296286558493,846.4491928731784,Prahova,-1.355689415564905,96.53909946080205,12.873423135500461
Prahova,RO316,2022,10.41125018780048,525.7711896449327,Prahova,0.9809539012419872,-320.67800322824564,-37.885085830106306
Prahova,RO316,2023,11.042320838341347,381.6732940003276,Prahova,0.6310706505408668,-144.09789564460516,-27.406959240562102
Prahova,RO316,2024,11.622852814503204,656.2735892024177,Prahova,0.5805319761618577,274.60029520209014,71.94642630716899
Satu Mare,RO115,2012,10.754231770833334,720.4577178129783,Satu Mare,0.5708320813301295,89.28059166211347,14.145093027463961
Satu Mare,RO115,2013,10.807381654397036,847.9207645257314,Satu Mare,0.05314988356370165,127.46304671275311,17.69195381787012
Satu Mare,RO115,2014,11.932774470402645,776.521211593579,Satu Mare,1.1253928160056095,-71.39955293215246,-8.420545399909917
Satu Mare,RO115,2015,11.38418187850561,710.6467721332342,Satu Mare,-0.5485925918970356,-65.87443946034477,-8.48327624240387
Satu Mare,RO115,2016,10.793204283102964,915.9602795197413,Satu Mare,-0.590977595402645,205.31350738650713,28.891077176104353
Satu Mare,RO115,2017,10.667777037009214,918.2199560686564,Satu Mare,-0.12542724609375,2.259676548915081,0.24670027723252552
Satu Mare,RO115,2018,11.656168619791666,803.2345383518781,Satu Mare,0.9883915827824516,-114.98541771677833,-12.5226441613278
Satu Mare,RO115,2019,11.969836112780449,710.6753320273681,Satu Mare,0.3136674929887828,-92.55920632451,-11.52331005517121
Satu Mare,RO115,2020,11.138664832481972,878.4718154202669,Satu Mare,-0.8311712802984772,167.79648339289884,23.610849544224365
Satu Mare,RO115,2021,10.148673033102964,913.6359686805652,Satu Mare,-0.9899917993790073,35.164153260298235,4.002877797903559
Satu Mare,RO115,2022,11.10687021108774,572.234256123121,Satu Mare,0.9581971779847755,-341.40171255744417,-37.36736777673959
Satu Mare,RO115,2023,11.770371657151442,543.6277168301435,Satu Mare,0.6635014460637016,-28.60653929297746,-4.999095909913953
Satu Mare,RO115,2024,12.39409930889423,685.9218841195107,Satu Mare,0.6237276517427883,142.29416728936712,26.17492870287681
Sibiu,RO126,2012,8.754651940387228,848.7917643597592,Sibiu,0.6628484311311151,83.80403816189778,10.954951993598684
Sibiu,RO126,2013,8.706255042034647,997.728845073801,Sibiu,-0.048396898352581985,148.93708071404183,17.546951675053602
Sibiu,RO126,2014,9.387461786684783,946.5290141461984,Sibiu,0.6812067446501366,-51.19983092760265,-5.131637837313951
Sibiu,RO126,2015,9.090730750042459,955.2704198561285,Sibiu,-0.29673103664232414,8.741405709930063,0.9235222142466526
Sibiu,RO126,2016,8.577752154806387,1161.599789666741,Sibiu,-0.5129785952360724,206.32936981061243,21.599053579162142
Sibiu,RO126,2017,8.415053657863451,939.3259324975636,Sibiu,-0.16269849694293548,-222.2738571691773,-19.135149571002152
Sibiu,RO126,2018,9.265809432319973,996.9748970644306,Sibiu,0.8507557744565215,57.648964566866994,6.1372695645253605
Sibiu,RO126,2019,9.509411355723506,892.5712423065435,Sibiu,0.24360192340353315,-104.40365475788713,-10.472044488311717
Sibiu,RO126,2020,9.037244713824728,1025.7291283691707,Sibiu,-0.47216664189877733,133.1578860626272,14.918460258536491
Sibiu,RO126,2021,8.047819718070652,996.2244239242181,Sibiu,-0.9894249957540762,-29.50470444495261,-2.8764615948718153
Sibiu,RO126,2022,8.855197408924932,745.3058840920744,Sibiu,0.8073776908542794,-250.91853983214367,-25.18694922613449
Sibiu,RO126,2023,9.466010052224863,487.7366061247885,Sibiu,0.6108126432999317,-257.56927796728587,-34.558868172771064
Sibiu,RO126,2024,10.305572509765625,772.9741517998602,Sibiu,0.8395624575407616,285.2375456750717,58.48188183810281
Suceava,RO215,2012,6.890111749822443,778.208071150563,Suceava,0.32093209931344724,147.30918654867196,23.349096050728768
Suceava,RO215,2013,6.8520050048828125,830.5166346498511,Suceava,-0.03810674493963084,52.308563499288084,6.721668078043841
Suceava,RO215,2014,7.303928259647254,997.8338644156853,Suceava,0.4519232547644414,167.3172297658342,20.146162374745913
Suceava,RO215,2015,7.755597201260653,745.7006382422917,Suceava,0.45166894161339943,-252.1332261733936,-25.268056654004077
Suceava,RO215,2016,7.238829641631155,928.7565041721771,Suceava,-0.516767559629498,183.05586592988539,24.548170746020894
Suceava,RO215,2017,7.244947491270123,752.9694944439512,Suceava,0.006117849638967776,-175.78700972822583,-18.92713633105687
Suceava,RO215,2018,7.285166884913589,908.7257397996657,Suceava,0.04021939364346583,155.75624535571444,20.685598354915612
Suceava,RO215,2019,7.939380992542613,806.7088053477081,Suceava,0.6542141076290244,-102.01693445195758,-11.226372268760409
Suceava,RO215,2020,7.754473137133049,889.5922487838702,Suceava,-0.18490785540956445,82.88344343616211,10.274270329854351
Suceava,RO215,2021,6.428943980823863,862.7654501992193,Suceava,-1.3255291563091856,-26.826798584650874,-3.0156286345035976
Suceava,RO215,2022,7.252826112689394,682.2724854706814,Suceava,0.8238821318655303,-180.4929647285379,-20.92028194764414
Suceava,RO215,2023,8.14141845703125,402.0515094047243,Suceava,0.8885923443418564,-280.22097606595713,-41.071709915524465
Suceava,RO215,2024,8.849246863162879,774.9308630065484,Suceava,0.7078284061316289,372.8793536018241,92.74417453472756
Sălaj,RO116,2012,9.768845287721549,692.305580710742,Salaj,0.43653345819729417,77.65250499679973,12.633550219626489
Sălaj,RO116,2013,9.96184665053638,838.4410588928123,Salaj,0.19300136281483127,146.1354781820703,21.108522342408854
Sălaj,RO116,2014,10.887647030958489,760.6929959032072,Salaj,0.9258003804221087,-77.74806298960505,-9.27293125318479
Sălaj,RO116,2015,10.446790097364739,772.2864695440477,Salaj,-0.44085693359375,11.593473640840443,1.5240673574330676
Sălaj,RO116,2016,9.818179913421176,946.7797952605717,Salaj,-0.6286101839435627,174.49332571652405,22.594378200040666
Sălaj,RO116,2017,9.822037881879664,774.0919715397393,Salaj,0.0038579684584885143,-172.6878237208324,-18.239491863396328
Sălaj,RO116,2018,10.643450836637127,835.2132512873678,Salaj,0.8214129547574629,61.12127974762848,7.895867932340472
Sălaj,RO116,2019,10.881973494344683,697.86774644567,Salaj,0.23852265770755565,-137.3455048416978,-16.444363715494013
Sălaj,RO116,2020,10.106667589785447,877.7149457024104,Salaj,-0.7753059045592359,179.8471992567404,25.770957344385835
Sălaj,RO116,2021,9.258116764808769,877.2997404683882,Salaj,-0.8485508249766784,-0.4152052340222099,-0.04730524825345972
Sălaj,RO116,2022,10.135300365846549,590.8060472256212,Salaj,0.87718360103778,-286.493693242767,-32.65630662215957
Sălaj,RO116,2023,10.779003541861007,510.9609680091267,Salaj,0.6437031760144585,-79.84507921649453,-13.514600873068371
Sălaj,RO116,2024,11.54507127448694,638.5944554227501,Salaj,0.7660677326259329,127.63348741362341,24.9791070951908
Teleorman,RO317,2012,12.851675180288462,595.1407776707476,Teleorman,1.1283884572458796,86.22157853678033,16.942095854018557
Teleorman,RO317,2013,12.81233634529533,659.6776318162025,Teleorman,-0.0393388349931314,64.53685414545487,10.84396441427491
Teleorman,RO317,2014,12.254715133499314,904.3051894058239,Teleorman,-0.5576212117960164,244.62755758962135,37.08289409724579
Teleorman,RO317,2015,13.16929676768544,589.2847582362183,Teleorman,0.9145816341861259,-315.02043116960556,-34.83563235732293
Teleorman,RO317,2016,12.645045018458104,684.4078000654558,Teleorman,-0.5242517492273358,95.12304182923754,16.142118135542695
Teleorman,RO317,2017,12.072767320570055,794.073478425597,Teleorman,-0.5722776978880493,109.66567836014121,16.023440754131222
Teleorman,RO317,2018,12.562719994848901,706.5936521288457,Teleorman,0.4899526742788467,-87.4798262967513,-11.016590866401533
Teleorman,RO317,2019,13.546962193080358,569.7946246744513,Teleorman,0.9842421982314562,-136.7990274543945,-19.360353300973255
Teleorman,RO317,2020,13.583190247252746,605.6693189905568,Teleorman,0.036228054172388724,35.87469431610555,6.296074543806429
Teleorman,RO317,2021,12.424658471411401,751.4383392366734,Teleorman,-1.158531775841345,145.7690202461166,24.067426840947405
Teleorman,RO317,2022,13.387840187156593,357.74665823480586,Teleorman,0.9631817157451916,-393.69168100186755,-52.391747991164216
Teleorman,RO317,2023,14.416769509787088,289.17629523489336,Teleorman,1.0289293226304945,-68.5703629999125,-19.16729658307711
Teleorman,RO317,2024,14.707227099072803,550.8255173136572,Teleorman,0.2904575892857153,261.64922207876384,90.48086803457743
Timiş,RO424,2012,12.07414533708479,684.0140789500275,Timis,0.6501166070257867,162.8207838823954,31.23999971282576
Timiş,RO424,2013,12.218133672967657,836.35731764367,Timis,0.14398833588286664,152.34323869364243,22.271944888545537
Timiş,RO424,2014,12.61156372923951,920.9799271371814,Timis,0.39343005627185335,84.6226094935115,10.11799714169117
Timiş,RO424,2015,12.605243389423077,654.5355859044548,Timis,-0.006320339816433318,-266.44434123272663,-28.930526429707882
Timiş,RO424,2016,11.868631002786277,931.0878181273079,Timis,-0.7366123866368,276.55223222285304,42.25167251077813
Timiş,RO424,2017,12.130074027534965,591.6316520825966,Timis,0.2614430247486883,-339.45616604471127,-36.45801818430593
Timiş,RO424,2018,12.775801225142045,761.6118478433235,Timis,0.64572719760708,169.98019576072693,28.730747444356865
Timiş,RO424,2019,12.982142735194493,690.5117981523484,Timis,0.20634151005244838,-71.10004969097508,-9.335470540841895
Timiş,RO424,2020,12.31122295673077,803.8772462689793,Timis,-0.6709197784637233,113.36544811663089,16.417597558792018
Timiş,RO424,2021,11.798455938592657,774.3369000399863,Timis,-0.5127670181381134,-29.54034622899303,-3.6747334703274737
Timiş,RO424,2022,12.569330815668707,505.9246484174595,Timis,0.7708748770760501,-268.4122516225268,-34.66349745293892
Timiş,RO424,2023,12.97461791138549,455.51074968518077,Timis,0.40528709571678334,-50.41389873227871,-9.964704999049601
Timiş,RO424,2024,13.904558088395978,560.2067090537581,Timis,0.9299401770104883,104.69595936857735,22.984300467318587
Tulcea,RO225,2012,12.871888856630068,608.0243414048407,Tulcea,1.2640336870073199,204.09811639520626,50.52856283108087
Tulcea,RO225,2013,12.798940297719595,539.6586078230862,Tulcea,-0.0729485589104737,-68.36573358175451,-11.243913923543825
Tulcea,RO225,2014,12.62341088647241,676.605159000502,Tulcea,-0.1755294112471848,136.9465511774158,25.376515669756607
Tulcea,RO225,2015,12.786455034135699,568.4097535653829,Tulcea,0.1630441476632889,-108.19540543511914,-15.990922326833578
Tulcea,RO225,2016,12.499938414977477,620.0652386591778,Tulcea,-0.28651661915822224,51.65548509379494,9.087719689851026
Tulcea,RO225,2017,12.208264050182995,538.8228634981153,Tulcea,-0.2916743647944813,-81.24237516106245,-13.102230232538126
Tulcea,RO225,2018,12.462403443482545,532.7796751979303,Tulcea,0.2541393932995497,-6.043188300185079,-1.1215537998799485
Tulcea,RO225,2019,13.560578767243806,344.08060889281666,Tulcea,1.0981753237612608,-188.6990663051136,-35.41784251342002
Tulcea,RO225,2020,13.67517969629786,430.6950129857874,Tulcea,0.11460092905405439,86.61440409297074,25.172707166404628
Tulcea,RO225,2021,12.200673696157095,641.9276703021548,Tulcea,-1.4745060001407655,211.23265731636735,49.04460254879661
Tulcea,RO225,2022,13.134036502322635,267.93049468838416,Tulcea,0.9333628061655403,-373.9971756137706,-58.26157570645467
Tulcea,RO225,2023,13.807318060247749,281.3796376199671,Tulcea,0.6732815579251135,13.44914293158297,5.019638748931876
Tulcea,RO225,2024,14.06785569749437,471.2436160953329,Tulcea,0.26053763724662105,189.8639784753658,67.47609033877467
Vaslui,RO216,2012,10.964032462473666,581.5384677762396,Vaslui,0.8750219452247201,140.0237309705006,31.714395760273174
Vaslui,RO216,2013,10.92322325974368,681.0852514870381,Vaslui,-0.04080920272998689,99.54678371079854,17.117832994171156
Vaslui,RO216,2014,10.769152694873595,653.1919852351205,Vaslui,-0.15407056487008397,-27.89326625191768,-4.095414809088482
Vaslui,RO216,2015,11.705231741573034,497.3016722896293,Vaslui,0.9360790466994384,-155.89031294549113,-23.865925557763457
Vaslui,RO216,2016,11.292485269267907,703.2655067537607,Vaslui,-0.41274647230512684,205.96383446413142,41.41627626463675
Vaslui,RO216,2017,10.826267885358146,602.9187973476528,Vaslui,-0.4662173839097612,-100.34670940610795,-14.268680667889356
Vaslui,RO216,2018,10.930938377808989,552.253502575869,Vaslui,0.10467049245084326,-50.665294771783806,-8.403336401961504
Vaslui,RO216,2019,11.776877413974718,505.0026691673177,Vaslui,0.8459390361657295,-47.25083340855127,-8.5560042966065
Vaslui,RO216,2020,12.260569368855338,486.04469569027424,Vaslui,0.48369195488061933,-18.95797347704348,-3.754034311997334
Vaslui,RO216,2021,10.432848298147823,623.0698266211855,Vaslui,-1.8277210707075149,137.02513093091125,28.19187867821702
Vaslui,RO216,2022,11.53759491309691,349.7864848157663,Vaslui,1.1047466149490877,-273.2833418054192,-43.86078897246459
Vaslui,RO216,2023,12.320003895277388,262.0640154259091,Vaslui,0.7824089821804776,-87.72246938985722,-25.078861876570492
Vaslui,RO216,2024,12.76699246181531,576.6108791355169,Vaslui,0.4469885665379216,314.54686370960786,120.02672827797558
Vrancea,RO226,2012,10.022884550548735,729.463972423403,Vrancea,0.8692539760044635,153.38085690956734,26.624779095072014
Vrancea,RO226,2013,10.033861432756696,806.4528649374843,Vrancea,0.010976882207961225,76.98889251408127,10.554173396433985
Vrancea,RO226,2014,9.836953299386161,923.285534927178,Vrancea,-0.1969081333705347,116.83266998969373,14.487228586973956
Vrancea,RO226,2015,10.60200427827381,713.0448344177788,Vrancea,0.7650509788876487,-210.24070050939918,-22.770929745583135
Vrancea,RO226,2016,10.309132893880209,861.1786773627003,Vrancea,-0.2928713843936013,148.13384294492153,20.774828705669957
Vrancea,RO226,2017,9.893755958193825,788.408043285211,Vrancea,-0.4153769356863837,-72.77063407748938,-8.450120281698615
Vrancea,RO226,2018,10.11243911016555,680.895380219622,Vrancea,0.2186831519717245,-107.51266306558898,-13.63667760384526
Vrancea,RO226,2019,10.836392357235862,656.216054698541,Vrancea,0.7239532470703125,-24.679325521080955,-3.62454001569531
Vrancea,RO226,2020,11.199818202427455,654.6035303856645,Vrancea,0.3634258451915926,-1.6125243128765305,-0.24573070124248586
Vrancea,RO226,2021,9.767447335379464,727.8102059289813,Vrancea,-1.4323708670479913,73.2066755433168,11.183360942185349
Vrancea,RO226,2022,10.833023797898065,414.5687337418397,Vrancea,1.0655764625186013,-313.2414721871416,-43.03889525529782
Vrancea,RO226,2023,11.403153919038319,326.34110613105196,Vrancea,0.5701301211402541,-88.22762761078775,-21.281785245707617
Vrancea,RO226,2024,11.898111979166666,695.3178774063431,Vrancea,0.4949580601283472,368.9767712752911,113.06475474380404
Vâlcea,RO415,2012,9.439594397384129,853.3199318908573,Valcea,0.9098702762903788,137.4124995493487,19.194171388878512
Vâlcea,RO415,2013,9.205070581329004,1042.8356492270748,Valcea,-0.23452381605512507,189.51571733621745,22.2092219170684
Vâlcea,RO415,2014,9.317836118548104,1168.3131355810701,Valcea,0.11276553721910076,125.47748635399535,12.032335722987252
Vâlcea,RO415,2015,9.59429108694698,1000.5954920215888,Valcea,0.27645496839887507,-167.7176435594813,-14.355538635287669
Vâlcea,RO415,2016,9.067432189255618,1130.664971720804,Valcea,-0.526858897691362,130.0694796992152,12.999207045838745
Vâlcea,RO415,2017,9.057485516151685,942.6240959254543,Valcea,-0.009946673103932824,-188.04087579534973,-16.630998615722824
Vâlcea,RO415,2018,9.349296655547754,1035.7057249144223,Valcea,0.29181113939606895,93.08162898896796,9.874734731619794
Vâlcea,RO415,2019,9.795272998595506,970.5139482677653,Valcea,0.4459763430477519,-65.19177664665699,-6.294430462093237
Vâlcea,RO415,2020,9.736912416608146,989.6607950138912,Valcea,-0.05836058198736005,19.146846746125902,1.9728564211055843
Vâlcea,RO415,2021,8.767975196409761,989.8669282080753,Valcea,-0.9689372201983844,0.20613319418407627,0.02082867132078281
Vâlcea,RO415,2022,9.413766239466293,746.9168379649603,Valcea,0.6457910430565317,-242.95009024311491,-24.543712222300407
Vâlcea,RO415,2023,9.957588110077246,495.6612122790951,Valcea,0.5438218706109534,-251.25562568586525,-33.639036223956744
Vâlcea,RO415,2024,10.802117165554776,765.8709078367507,Valcea,0.8445290554775298,270.2096955576556,54.51499711167776
