judet,an,ocupati_aff_eurostat_mii,ocupati_total_eurostat_mii,ocupati_aff_eurostat_nr,ocupati_total_eurostat_nr,pondere_ocupati_aff_eurostat,schimbare_pondere_ocupati_aff_eurostat,schimbare_ocupati_aff_eurostat_pct
Alba,2012,28.85,130.9,28850.0,130900.0,22.03972498090145,,
Alba,2013,30.38,131.94,30380.0,131940.0,23.02561770501743,0.9858927241159812,5.303292894280753
Alba,2014,27.22,131.64,27220.0,131640.0,20.677605591005772,-2.3480121140116594,-10.401579986833443
Alba,2015,23.67,132.16,23670.0,132160.0,17.910108958837775,-2.7674966321679975,-13.041880969875097
Alba,2016,21.64,134.7,21640.0,134700.0,16.065330363771345,-1.8447785950664297,-8.576256865230247
Alba,2017,22.99,138.56,22990.0,138560.0,16.592090069284062,0.5267597055127169,6.238447319778184
Alba,2018,18.75,132.55,18750.0,132550.0,14.145605431912484,-2.4464846373715776,-18.442801217920834
Alba,2019,18.81,136.76,18810.0,136760.0,13.754021643755484,-0.3915837881569999,0.32000000000000917
Alba,2020,18.71,134.56,18710.0,134560.0,13.904577883472058,0.15055623971657361,-0.531632110579483
Alba,2021,30.0,144.16,30000.0,144160.0,20.810210876803552,6.905632993331494,60.34206306787815
Alba,2022,30.9,149.08,30900.0,149080.0,20.727126375100617,-0.08308450170293469,3.0000000000000027
Arad,2012,40.62,189.21,40620.0,189210.0,21.468209925479623,,
Arad,2013,43.13,194.3,43130.0,194300.0,22.197632527020073,0.729422601540449,6.179222058099465
Arad,2014,37.0,194.44,37000.0,194440.0,19.029006377288624,-3.1686261497314483,-14.21284488754927
Arad,2015,20.39,179.82,20390.0,179820.0,11.33911689467245,-7.689889482616174,-44.89189189189189
Arad,2016,16.74,176.76,16740.0,176760.0,9.470468431771893,-1.8686484629005573,-17.900931829328105
Arad,2017,15.22,181.81,15220.0,181810.0,8.371376711952037,-1.0990917198198566,-9.08004778972521
Arad,2018,13.68,183.12,13680.0,183120.0,7.470511140235911,-0.9008655717161256,-10.11826544021025
Arad,2019,12.85,184.05,12850.0,184050.0,6.981798424341211,-0.48871271589470044,-6.067251461988299
Arad,2020,14.38,176.84,14380.0,176840.0,8.131644424338386,1.1498459999971757,11.90661478599222
Arad,2021,19.79,174.53,19790.0,174530.0,11.33902480948834,3.2073803851499534,37.62169680111265
Arad,2022,17.36,178.37,17360.0,178370.0,9.732578348376968,-1.6064464611113713,-12.278928751894902
Arges,2012,48.85,252.51,48850.0,252510.0,19.34576848441646,,
Arges,2013,48.6,255.58,48600.0,255580.0,19.015572423507315,-0.3301960609091452,-0.5117707267144334
Arges,2014,47.57,255.26,47570.0,255260.0,18.635900650317325,-0.37967177318999035,-2.1193415637860036
Arges,2015,43.94,253.3,43940.0,253300.0,17.34701934465061,-1.2888813056667132,-7.630859785579148
Arges,2016,36.23,257.37,36230.0,257370.0,14.077009752496405,-3.2700095921542065,-17.546654528903048
Arges,2017,36.24,277.72,36240.0,277720.0,13.049114215756877,-1.0278955367395284,0.027601435274626773
Arges,2018,39.3,274.57,39300.0,274570.0,14.313289871435334,1.2641756556784571,8.443708609271528
Arges,2019,36.71,270.77,36710.0,270770.0,13.557631938545631,-0.7556579328897026,-6.590330788804066
Arges,2020,30.97,256.92,30970.0,256920.00000000003,12.054335980071617,-1.5032959584740144,-15.636066466902754
Arges,2021,25.54,247.73,25540.0,247730.0,10.309611270334639,-1.7447247097369782,-17.53309654504359
Arges,2022,24.48,244.59,24480.0,244590.0,10.008585796639274,-0.3010254736953648,-4.150352388410338
Bacau,2012,124.34,281.55,124340.0,281550.0,44.16267092878707,,
Bacau,2013,125.66,276.54,125660.0,276540.0,45.44008100094018,1.2774100721531099,1.0616052758565253
Bacau,2014,128.46,280.08,128460.00000000001,280080.0,45.865467009425885,0.4253860084857024,2.2282349196244056
Bacau,2015,129.79,288.87,129789.99999999999,288870.0,44.93024543912486,-0.9352215703010245,1.035341740619633
Bacau,2016,115.02,276.46,115020.0,276460.0,41.60457208999494,-3.3256733491299215,-11.379921411510896
Bacau,2017,117.36,283.18,117360.0,283180.0,41.44360477434847,-0.1609673156464666,2.0344287949921824
Bacau,2018,122.0,285.95,122000.0,285950.0,42.66480153873055,1.2211967643820785,3.9536468984321838
Bacau,2019,118.67,289.23,118670.0,289230.0,41.029630397953184,-1.6351711407773664,-2.7295081967213086
Bacau,2020,116.01,293.63,116010.0,293630.0,39.508905765759636,-1.5207246321935486,-2.2415100699418544
Bacau,2021,96.73,281.82,96730.0,281820.0,34.32332694627777,-5.185578819481869,-16.619256960606844
Bacau,2022,101.22,288.77,101220.0,288770.0,35.052117602244,0.728790655966236,4.641786415796556
Bihor,2012,76.37,283.64,76370.0,283640.0,26.924975320829226,,
Bihor,2013,80.05,288.91,80050.0,288910.0,27.707590599148517,0.782615278319291,4.818646065208854
Bihor,2014,77.41,296.6,77410.0,296600.0,26.099123398516515,-1.6084672006320027,-3.2979387882573374
Bihor,2015,62.69,286.28,62690.0,286280.0,21.89814167947464,-4.200981719041874,-19.015631055419192
Bihor,2016,58.62,288.27,58620.0,288270.0,20.335102508065354,-1.5630391714092866,-6.492263518902542
Bihor,2017,56.74,281.32,56740.0,281320.0,20.16920233186407,-0.1659001762012835,-3.2070965540771046
Bihor,2018,53.49,283.35,53490.0,283350.0,18.877713075701426,-1.2914892561626452,-5.727881565033488
Bihor,2019,57.31,284.46,57310.0,284460.0,20.146945088940452,1.2692320132390265,7.14152177977192
Bihor,2020,48.06,272.02,48060.0,272020.0,17.667818542754212,-2.47912654618624,-16.14028965276566
Bihor,2021,50.78,283.13,50780.0,283130.0,17.935224102002614,0.26740555924840237,5.6595921764461155
Bihor,2022,51.17,286.2,51170.0,286200.0,17.879105520614953,-0.05611858138766124,0.7680189050807362
Bistrita-Nasaud,2012,54.0,133.31,54000.0,133310.0,40.50708874052959,,
Bistrita-Nasaud,2013,51.85,131.04,51850.0,131039.99999999999,39.56807081807082,-0.9390179224587669,-3.981481481481486
Bistrita-Nasaud,2014,40.98,121.87,40980.0,121870.0,33.625994912611795,-5.942075905459028,-20.964320154291226
Bistrita-Nasaud,2015,31.94,117.36,31940.0,117360.0,27.21540558963872,-6.410589322973074,-22.059541239629088
Bistrita-Nasaud,2016,30.31,121.5,30310.0,121500.0,24.946502057613166,-2.268903532025554,-5.103318722604888
Bistrita-Nasaud,2017,32.97,124.88,32970.0,124880.0,26.40134529147982,1.4548432338666544,8.775981524249431
Bistrita-Nasaud,2018,31.44,125.39,31440.0,125390.0,25.073769838105115,-1.3275754533747062,-4.640582347588717
Bistrita-Nasaud,2019,32.25,121.89,32250.0,121890.0,26.458282057592914,1.3845122194877995,2.57633587786259
Bistrita-Nasaud,2020,28.39,116.83,28390.0,116830.0,24.300265342805787,-2.158016714787127,-11.968992248062015
Bistrita-Nasaud,2021,30.82,123.08,30820.0,123080.0,25.04062398440039,0.7403586415946037,8.55935188446637
Bistrita-Nasaud,2022,33.07,125.64,33070.0,125640.0,26.321235275390002,1.2806112909896115,7.300454250486688
Botosani,2012,75.65,148.19,75650.0,148190.0,51.049328564680486,,
Botosani,2013,64.9,136.55,64900.00000000001,136550.0,47.52837788355914,-3.5209506811213487,-14.21017845340382
Botosani,2014,74.22,146.85,74220.0,146850.0,50.541368743615934,3.012990860056796,14.360554699537742
Botosani,2015,73.22,148.26,73220.0,148260.0,49.3862134088763,-1.1551553347396322,-1.34734572891404
Botosani,2016,76.23,153.03,76230.0,153030.0,49.813762007449526,0.4275485985732246,4.1108986615678855
Botosani,2017,72.08,152.85,72080.0,152850.0,47.1573438011122,-2.656418206337328,-5.444050898596354
Botosani,2018,62.37,141.92,62370.0,141920.0,43.94729425028185,-3.210049550830348,-13.471143174250832
Botosani,2019,67.53,149.5,67530.0,149500.0,45.17056856187291,1.2232743115910623,8.273208273208276
Botosani,2020,64.1,146.8,64099.99999999999,146800.0,43.66485013623978,-1.505718425633134,-5.079224048571018
Botosani,2021,68.44,154.0,68440.0,154000.0,44.441558441558435,0.7767083053186568,6.770670826833092
Botosani,2022,67.21,156.27,67210.0,156270.0,43.008894861457726,-1.4326635801007086,-1.797194623027465
Braila,2012,67.72,150.82,67720.0,150820.0,44.90120673650709,,
Braila,2013,65.75,147.51,65750.0,147510.0,44.57324927123585,-0.3279574652712398,-2.9090372120496144
Braila,2014,62.65,143.55,62650.0,143550.0,43.6433298502264,-0.9299194210094512,-4.714828897338408
Braila,2015,53.11,138.87,53110.0,138870.0,38.24440123856844,-5.398928611657958,-15.227454110135675
Braila,2016,46.94,136.71,46940.0,136710.0,34.3354546119523,-3.9089466266161423,-11.61739785351158
Braila,2017,45.19,137.71,45190.0,137710.0,32.815336576864425,-1.5201180350878758,-3.7281636131231366
Braila,2018,46.56,138.52,46560.0,138520.0,33.612474732890554,0.7971381560261293,3.031644169063963
Braila,2019,42.42,132.83,42420.0,132830.0,31.935556726643078,-1.676918006247476,-8.89175257731959
Braila,2020,40.2,127.09,40200.0,127090.0,31.63112754740735,-0.3044291792357292,-5.233380480905236
Braila,2021,53.26,141.39,53260.0,141390.0,37.66885918381781,6.037731636410459,32.48756218905473
Braila,2022,48.19,138.12,48190.0,138120.0,34.88995076744859,-2.7789084163692195,-9.519339091250467
Brasov,2012,28.96,230.26,28960.0,230260.0,12.577086771475724,,
Brasov,2013,30.91,235.71,30910.0,235710.0,13.113571761910823,0.536484990435099,6.7334254143646355
Brasov,2014,29.26,234.32,29260.0,234320.0,12.487196995561627,-0.6263747663491959,-5.338078291814952
Brasov,2015,25.79,241.53,25790.0,241530.0,10.677762596778868,-1.8094343987827592,-11.859193438140803
Brasov,2016,25.53,248.15,25530.0,248150.0,10.288132178118074,-0.3896304186607935,-1.0081426909654856
Brasov,2017,23.96,247.6,23960.0,247600.0,9.676898222940226,-0.6112339551778483,-6.1496278887583244
Brasov,2018,20.41,240.27,20410.0,240270.0,8.494610230157738,-1.1822879927824879,-14.816360601001666
Brasov,2019,21.28,242.39,21280.0,242390.0,8.779240067659558,0.2846298375018197,4.262616364527183
Brasov,2020,21.11,242.07,21110.0,242070.0,8.720618003056966,-0.05862206460259145,-0.7988721804511267
Brasov,2021,37.29,255.4,37290.0,255400.0,14.600626468285041,5.880008465228075,76.64613927048791
Brasov,2022,36.12,255.32,36120.0,255320.0,14.14695284349052,-0.45367362479452034,-3.1375703942075672
Buzau,2012,56.08,158.63,56080.0,158630.0,35.35270755846939,,
Buzau,2013,52.27,155.88,52270.0,155880.0,33.53220425968694,-1.820503298782448,-6.793865905848784
Buzau,2014,59.02,162.36,59020.0,162360.0,36.35131805863513,2.8191137989481874,12.913717237421075
Buzau,2015,54.92,166.77,54920.0,166770.0,32.93158241890028,-3.419735639734853,-6.946797695696372
Buzau,2016,42.95,153.22,42950.0,153220.0,28.03158856546143,-4.899993853438847,-21.795338674435538
Buzau,2017,40.27,148.91,40270.0,148910.0,27.043180444563834,-0.9884081208975957,-6.239813736903377
Buzau,2018,42.04,149.49,42040.0,149490.0,28.12228242691819,1.0791019823543557,4.395331512292033
Buzau,2019,39.33,149.46,39330.0,149460.0,26.31473303894018,-1.8075493879780105,-6.446241674595621
Buzau,2020,42.92,148.68,42920.0,148680.0,28.86736615550175,2.5526331165615694,9.12789219425374
Buzau,2021,50.06,158.29,50060.0,158290.0,31.625497504580203,2.758131349078454,16.635601118359734
Buzau,2022,49.82,161.26,49820.0,161260.0,30.894208111124893,-0.7312893934553095,-0.4794246903715549
Calarasi,2012,81.84,142.86,81840.0,142860.0,57.286854262914744,,
Calarasi,2013,79.05,140.4,79050.0,140400.0,56.3034188034188,-0.9834354594959436,-3.409090909090906
Calarasi,2014,74.8,134.85,74800.0,134850.0,55.46903967371153,-0.8343791297072727,-5.376344086021501
Calarasi,2015,70.14,130.64,70140.0,130639.99999999999,53.68952847519902,-1.779511198512509,-6.229946524064167
Calarasi,2016,63.73,125.63,63730.0,125630.0,50.72832922072753,-2.961199254471488,-9.138865126889083
Calarasi,2017,62.54,127.8,62540.0,127800.0,48.9358372456964,-1.7924919750311332,-1.8672524713635674
Calarasi,2018,65.96,127.81,65960.0,127810.0,51.60785541037477,2.67201816467837,5.46850015989766
Calarasi,2019,66.04,127.62,66040.0,127620.0,51.74737501958941,0.1395196092146449,0.12128562765312267
Calarasi,2020,56.25,116.85,56250.0,116850.0,48.138639281129656,-3.6087357384597567,-14.824348879466987
Calarasi,2021,42.93,106.3,42930.0,106300.0,40.38570084666039,-7.7529384344692645,-23.68
Calarasi,2022,40.88,104.99,40880.0,104990.0,38.93704162301172,-1.4486592236486686,-4.775215467039362
Caras-Severin,2012,23.76,89.06,23760.0,89060.0,26.67864361104873,,
Caras-Severin,2013,26.26,86.6,26260.0,86600.0,30.32332563510393,3.6446820240552,10.521885521885533
Caras-Severin,2014,24.22,85.63,24220.0,85630.0,28.284479738409434,-2.0388458966944967,-7.7684691546077715
Caras-Severin,2015,12.16,79.58,12160.0,79580.0,15.280221161095753,-13.004258577313681,-49.793559042113955
Caras-Severin,2016,9.59,75.11,9590.0,75110.0,12.76794035414725,-2.512280806948503,-21.134868421052634
Caras-Severin,2017,9.72,75.65,9720.0,75650.0,12.84864507600793,0.08070472186068045,1.355578727841511
Caras-Severin,2018,8.16,73.18,8160.0,73180.0,11.150587592238317,-1.6980574837696132,-16.049382716049386
Caras-Severin,2019,7.76,71.32,7760.0,71320.0,10.880538418395963,-0.27004917384235405,-4.90196078431373
Caras-Severin,2020,8.61,71.1,8610.0,71100.0,12.109704641350211,1.2291662229542482,10.953608247422686
Caras-Severin,2021,11.77,72.76,11770.0,72760.0,16.176470588235293,4.0667659468850825,36.70150987224159
Caras-Severin,2022,10.65,73.44,10650.0,73440.0,14.501633986928105,-1.674836601307188,-9.515717926932876
Cluj,2012,54.66,308.58,54660.0,308580.0,17.7133968500875,,
Cluj,2013,51.64,304.69,51640.0,304690.0,16.94837375693328,-0.7650230931542197,-5.525064032199046
Cluj,2014,43.07,315.76,43070.0,315760.0,13.640106409931594,-3.308267347001685,-16.595662277304413
Cluj,2015,37.64,327.65,37640.0,327650.0,11.487868151991455,-2.152238257940139,-12.607383329463662
Cluj,2016,33.17,326.5,33170.0,326500.0,10.159264931087291,-1.3286032209041636,-11.875664187035074
Cluj,2017,36.86,342.4,36860.0,342400.0,10.76518691588785,0.6059219848005597,11.124510099487495
Cluj,2018,33.32,345.75,33320.0,345750.0,9.637020968908171,-1.1281659469796796,-9.603906673901253
Cluj,2019,30.3,347.69,30300.0,347690.0,8.714659610572637,-0.9223613583355341,-9.06362545018007
Cluj,2020,30.59,348.29,30590.0,348290.0,8.782910792730195,0.06825118215755843,0.9570957095709653
Cluj,2021,32.74,359.06,32740.000000000004,359060.0,9.11825321673258,0.3353424240023841,7.028440666884617
Cluj,2022,31.2,356.96,31200.0,356960.0,8.740475123263112,-0.3777780934694679,-4.7037263286499815
Constanta,2012,77.66,297.48,77660.0,297480.0,26.10595670297163,,
Constanta,2013,71.15,293.83,71150.0,293830.0,24.21468195895586,-1.8912747440157673,-8.382693793458662
Constanta,2014,49.5,270.38,49500.0,270380.0,18.307567127746136,-5.907114831209725,-30.428671820098387
Constanta,2015,55.8,291.2,55800.0,291200.0,19.162087912087912,0.8545207843417764,12.72727272727272
Constanta,2016,45.16,286.66,45160.0,286660.0,15.753854740807924,-3.4082331712799885,-19.068100358422935
Constanta,2017,45.47,288.78,45470.0,288780.0,15.745550245861903,-0.008304494946020924,0.6864481842338455
Constanta,2018,47.26,290.53,47260.0,290530.0,16.266822703335286,0.5212724574733834,3.9366615350780787
Constanta,2019,43.18,292.66,43180.0,292660.0,14.75432242192305,-1.5125002814122368,-8.633093525179858
Constanta,2020,41.15,282.72,41150.0,282720.0,14.555036785512165,-0.1992856364108846,-4.70125057897175
Constanta,2021,48.74,292.12,48740.0,292120.0,16.68492400383404,2.129887218321876,18.444714459295252
Constanta,2022,47.0,286.45,47000.0,286450.0,16.407750043637634,-0.27717396019640717,-3.5699630693475592
Covasna,2012,12.95,71.38,12950.0,71380.0,18.14233678901653,,
Covasna,2013,13.31,71.85,13310.0,71850.0,18.52470424495477,0.3823674559382404,2.7799227799227832
Covasna,2014,16.27,74.77,16270.0,74770.0,21.760064196870406,3.235359951915637,22.2389181066867
Covasna,2015,13.83,76.43,13830.0,76430.0,18.094988878712545,-3.665075318157861,-14.996926859250149
Covasna,2016,12.71,74.39,12710.0,74390.0,17.08562978895013,-1.009359089762416,-8.098336948662332
Covasna,2017,13.54,75.85,13540.0,75850.0,17.851021753460778,0.7653919645106484,6.530291109362696
Covasna,2018,11.46,72.85,11460.0,72850.0,15.730954015099522,-2.1200677383612554,-15.361890694239289
Covasna,2019,10.92,72.68,10920.0,72680.0,15.024766097963674,-0.706187917135848,-4.712041884816753
Covasna,2020,11.82,72.53,11820.0,72530.0,16.296704811802012,1.2719387138383382,8.241758241758234
Covasna,2021,20.64,83.01,20640.0,83010.0,24.86447415973979,8.567769347937777,74.61928934010152
Covasna,2022,19.87,81.64,19870.0,81640.0,24.338559529642335,-0.5259146300974535,-3.730620155038755
Dambovita,2012,35.19,143.02,35190.0,143020.0,24.60495035659348,,
Dambovita,2013,32.77,140.19,32770.0,140190.0,23.375419074113704,-1.2295312824797762,-6.876953680022735
Dambovita,2014,33.26,145.22,33260.0,145220.0,22.90318137997521,-0.4722376941384958,1.4952700640830097
Dambovita,2015,28.64,138.42,28640.0,138420.0,20.690651639936426,-2.2125297400387822,-13.890559230306676
Dambovita,2016,24.19,137.54,24190.0,137540.0,17.587610876835832,-3.1030407631005943,-15.53770949720671
Dambovita,2017,24.96,147.1,24960.0,147100.0,16.96804894629504,-0.6195619305407938,3.1831335262505256
Dambovita,2018,27.85,149.01,27850.0,149010.0,18.69002080397289,1.7219718576778504,11.578525641025639
Dambovita,2019,28.0,151.04,28000.0,151040.0,18.53813559322034,-0.15188521075254968,0.538599640933568
Dambovita,2020,23.29,143.9,23290.0,143900.0,16.184850590687976,-2.3532850025323633,-16.821428571428577
Dambovita,2021,20.25,145.26,20250.0,145260.0,13.940520446096654,-2.2443301445913217,-13.052812365822241
Dambovita,2022,18.32,140.1,18320.0,140100.0,13.076374018558173,-0.8641464275384809,-9.530864197530864
Dolj,2012,148.03,296.15,148030.0,296150.0,49.9848049974675,,
Dolj,2013,123.1,272.85,123100.0,272850.0,45.11636430273043,-4.8684406947370675,-16.841180841721272
Dolj,2014,135.59,291.73,135590.0,291730.0,46.47790765433791,1.3615433516074802,10.14622258326563
Dolj,2015,120.59,268.62,120590.0,268620.0,44.89241307423126,-1.585494580106655,-11.062762740615085
Dolj,2016,96.95,252.32,96950.0,252320.0,38.42343056436272,-6.468982509868539,-19.60361555684551
Dolj,2017,98.76,271.47,98760.0,271470.0,36.37971046524478,-2.043720099117941,1.8669417225373852
Dolj,2018,108.53,280.78,108530.0,280780.0,38.653037965667075,2.2733275004222975,9.892669096800333
Dolj,2019,94.17,275.83,94170.0,275830.0,34.14059384403437,-4.512444121632704,-13.231364599649865
Dolj,2020,91.24,273.95,91240.0,273950.0,33.30534769118452,-0.835246152849848,-3.111394286927893
Dolj,2021,78.37,256.15,78370.0,256149.99999999997,30.595354284598876,-2.709993406585646,-14.105655414291974
Dolj,2022,86.26,264.86,86260.0,264860.0,32.568149210903876,1.9727949263049993,10.067627918846501
Galati,2012,28.73,167.59,28730.0,167590.0,17.143027626946715,,
Galati,2013,29.54,167.76,29540.0,167760.0,17.608488316642823,0.46546068969610843,2.8193525931082597
Galati,2014,24.76,163.29,24760.0,163290.0,15.163206565007044,-2.445281751635779,-16.181448882870686
Galati,2015,26.39,175.53,26390.0,175530.0,15.034467042670768,-0.12873952233627683,6.583198707592897
Galati,2016,21.8,176.55,21800.0,176550.0,12.347776833758143,-2.6866902089126246,-17.392951875710494
Galati,2017,21.97,175.36,21970.0,175360.0,12.528512773722625,0.18073593996448167,0.7798165137614665
Galati,2018,21.11,175.39,21110.0,175390.0,12.036033981412853,-0.49247879230977176,-3.914428766499778
Galati,2019,21.49,179.74,21490.0,179740.0,11.956158896183375,-0.07987508522947806,1.8000947418285174
Galati,2020,21.61,175.43,21610.0,175430.0,12.318303596876245,0.36214470069286975,0.5583992554676565
Galati,2021,25.37,175.9,25370.0,175900.0,14.42296759522456,2.1046639983483146,17.39935215178159
Galati,2022,23.48,172.63,23480.0,172630.0,13.60134391473093,-0.8216236804936301,-7.44974379188017
Giurgiu,2012,46.02,90.13,46020.0,90130.0,51.059580605791645,,
Giurgiu,2013,46.39,91.35,46390.0,91350.0,50.78270388615217,-0.2768767196394748,0.8039982616253827
Giurgiu,2014,45.07,94.02,45070.0,94020.0,47.93660923207828,-2.8460946540738874,-2.8454408277646004
Giurgiu,2015,34.36,83.31,34360.0,83310.0,41.24354819349418,-6.693061038584105,-23.763035278455735
Giurgiu,2016,30.58,81.47,30580.0,81470.0,37.53528906345894,-3.7082591300352377,-11.001164144353904
Giurgiu,2017,29.27,84.48,29270.0,84480.0,34.64725378787878,-2.888035275580158,-4.283845650752127
Giurgiu,2018,32.71,86.32,32710.0,86320.0,37.89388322520853,3.2466294373297515,11.752647762213876
Giurgiu,2019,30.91,83.28,30910.0,83280.0,37.115754082612874,-0.7781291425956596,-5.502904310608381
Giurgiu,2020,27.26,79.3,27260.0,79300.0,34.37578814627995,-2.739965936332922,-11.808476221287611
Giurgiu,2021,21.44,73.86,21440.0,73860.0,29.027890603845112,-5.34789754243484,-21.349963316214236
Giurgiu,2022,19.89,73.27,19890.0,73270.0,27.1461716937355,-1.881718910109612,-7.229477611940293
Gorj,2012,59.82,155.73,59820.0,155730.0,38.412637256790596,,
Gorj,2013,60.75,156.99,60750.0,156990.0,38.696732275941145,0.28409501915054847,1.5546639919759242
Gorj,2014,48.64,142.07,48640.0,142070.0,34.23664390793271,-4.460088368008435,-19.93415637860082
Gorj,2015,40.91,134.6,40910.0,134600.0,30.39375928677563,-3.8428846211570793,-15.892269736842103
Gorj,2016,41.74,139.39,41740.0,139390.0,29.944759308415243,-0.4489999783603871,2.0288438034710365
Gorj,2017,44.39,150.6,44390.0,150600.0,29.475431606905712,-0.4693277015095312,6.348826066123614
Gorj,2018,42.96,148.13,42960.0,148130.0,29.00155269020455,-0.47387891670116034,-3.221446271682815
Gorj,2019,43.34,147.5,43340.0,147500.0,29.383050847457632,0.38149815725308045,0.8845437616387342
Gorj,2020,40.26,146.22,40260.0,146220.0,27.533853098071397,-1.849197749386235,-7.106598984771573
Gorj,2021,38.53,144.46,38530.0,144460.0,26.6717430430569,-0.8621100550144973,-4.297069051167412
Gorj,2022,36.87,145.27,36870.0,145270.0,25.380326288979138,-1.291416754077762,-4.308331170516477
Harghita,2012,16.17,98.02,16170.000000000002,98020.0,16.49663334013467,,
Harghita,2013,17.53,96.95,17530.0,96950.0,18.081485301701907,1.5848519615672352,8.410636982065544
Harghita,2014,17.37,94.9,17370.0,94900.0,18.303477344573235,0.221992042871328,-0.912721049629206
Harghita,2015,12.89,92.57,12890.0,92570.0,13.924597601814845,-4.378879742758389,-25.791594703511798
Harghita,2016,11.62,94.64,11620.0,94640.0,12.278106508875739,-1.6464910929391063,-9.852598913886734
Harghita,2017,12.12,97.24,12120.0,97240.0,12.46400658165364,0.18590007277790122,4.302925989672968
Harghita,2018,12.81,95.62,12810.0,95620.0,13.396778916544655,0.9327723348910144,5.693069306930698
Harghita,2019,12.08,97.21,12080.0,97210.0,12.426705071494704,-0.9700738450499511,-5.698672911787661
Harghita,2020,11.55,94.77,11550.0,94770.0,12.187401076289966,-0.23930399520473777,-4.387417218543044
Harghita,2021,19.42,102.46,19420.0,102460.0,18.95373804411478,6.766336967824813,68.13852813852814
Harghita,2022,21.35,107.96,21350.0,107960.0,19.77584290477955,0.8221048606647727,9.938208032955709
Hunedoara,2012,27.53,168.71,27530.0,168710.0,16.317942030703573,,
Hunedoara,2013,27.83,163.05,27830.0,163050.0,17.068383931309413,0.7504419006058392,1.0897203051216886
Hunedoara,2014,31.67,167.27,31670.0,167270.0,18.933460871644648,1.8650769403352356,13.798059647862026
Hunedoara,2015,15.85,156.45,15850.0,156450.0,10.131032278683286,-8.802428592961363,-49.95263656457215
Hunedoara,2016,12.22,150.56,12220.0,150560.0,8.116365568544103,-2.014666710139183,-22.902208201892748
Hunedoara,2017,11.68,146.67,11680.0,146670.0,7.963455376014182,-0.15291019252992033,-4.418985270049102
Hunedoara,2018,9.92,145.62,9920.0,145620.0,6.812251064414229,-1.1512043115999528,-15.068493150684937
Hunedoara,2019,9.99,144.1,9990.0,144100.0,6.932685634975712,0.12043457056148288,0.7056451612903247
Hunedoara,2020,10.26,144.56,10260.0,144560.0,7.097399003873823,0.16471336889811106,2.7027027027026973
Hunedoara,2021,13.56,142.43,13560.0,142430.0,9.52046619391982,2.4230671900459964,32.163742690058484
Hunedoara,2022,11.08,138.97,11080.0,138970.0,7.972943800820322,-1.5475223930994977,-18.289085545722717
Ialomita,2012,105.42,166.66,105420.0,166660.0,63.254530181207244,,
Ialomita,2013,98.6,159.61,98600.0,159610.0,61.775577971305054,-1.4789522099021895,-6.4693606526275875
Ialomita,2014,101.1,160.2,101100.0,160200.0,63.10861423220974,1.3330362609046844,2.535496957403649
Ialomita,2015,84.58,145.68,84580.0,145680.0,58.05875892366831,-5.0498553085414315,-16.3402571711177
Ialomita,2016,75.1,137.89,75100.0,137890.0,54.463702951628115,-3.5950559720401927,-11.2083234807283
Ialomita,2017,69.3,136.3,69300.0,136300.0,50.8437270726339,-3.619975878994218,-7.723035952063917
Ialomita,2018,73.93,136.78,73930.0,136780.0,54.050299751425655,3.2065726787917583,6.681096681096688
Ialomita,2019,67.79,131.57,67790.0,131570.0,51.52390362544654,-2.5263961259791117,-8.305153523603403
Ialomita,2020,62.87,126.92,62870.0,126920.0,49.53514024582414,-1.9887633796224051,-7.257707626493581
Ialomita,2021,47.1,110.52,47100.0,110520.0,42.616720955483174,-6.918419290340964,-25.08350564657229
Ialomita,2022,47.99,110.96,47990.0,110960.0,43.24981975486663,0.633098799383454,1.8895966029724098
Iasi,2012,154.31,357.61,154310.0,357610.0,43.15035932999636,,
Iasi,2013,172.93,374.86,172930.0,374860.0,46.131889238649094,2.981529908652732,12.066619143282997
Iasi,2014,163.88,372.26,163880.0,372260.0,44.02299468113684,-2.108894557512258,-5.233331405771125
Iasi,2015,175.44,383.76,175440.0,383760.0,45.71607254534084,1.6930778642040067,7.05394190871369
Iasi,2016,168.03,386.07,168030.0,386070.0,43.52319527546818,-2.1928772698726604,-4.223666210670318
Iasi,2017,153.67,385.16,153670.0,385160.0,39.897704849932495,-3.6254904255356877,-8.546092959590545
Iasi,2018,162.76,397.06,162760.0,397060.0,40.991285951745326,1.0935811018128305,5.915272987570774
Iasi,2019,154.45,398.95,154450.0,398950.0,38.714124577014665,-2.2771613747306603,-5.105677070533298
Iasi,2020,146.24,386.89,146240.0,386890.0,37.798857556411384,-0.9152670206032809,-5.315636128196832
Iasi,2021,130.75,382.64,130750.0,382640.0,34.17049968638929,-3.628357870022093,-10.5921772428884
Iasi,2022,135.55,396.7,135550.0,396700.0,34.16939752961936,-0.0011021567699316392,3.6711281070745727
Ilfov,2012,13.69,138.03,13690.0,138030.0,9.918133739042236,,
Ilfov,2013,7.46,129.03,7460.0,129030.0,5.781601178020615,-4.136532561021621,-45.50766983199416
Ilfov,2014,9.18,138.01,9180.0,138010.0,6.651691906383596,0.8700907283629808,23.056300268096507
Ilfov,2015,9.85,143.98,9850.0,143980.0,6.841227948326156,0.18953604194256002,7.298474945533773
Ilfov,2016,6.23,150.31,6230.0,150310.0,4.144767480540217,-2.696460467785939,-36.751269035533
Ilfov,2017,4.75,153.25,4750.0,153250.0,3.0995106035889073,-1.04525687695131,-23.756019261637242
Ilfov,2018,4.39,160.78,4390.0,160780.0,2.7304391093419578,-0.3690714942469495,-7.578947368421051
Ilfov,2019,4.53,163.66,4530.0,163660.0,2.7679335207136746,0.03749441137171683,3.1890660592255093
Ilfov,2020,5.67,169.19,5670.0,169190.0,3.3512618949110466,0.583328374197372,25.16556291390728
Ilfov,2021,8.04,180.59,8039.999999999999,180590.0,4.45207375823689,1.100811863325843,41.79894179894179
Ilfov,2022,7.43,190.15,7430.0,190150.0,3.9074414935577173,-0.5446322646791724,-7.587064676616906
Maramures,2012,55.78,182.03,55780.0,182030.0,30.643300554853596,,
Maramures,2013,51.49,179.28,51490.0,179280.0,28.720437304774656,-1.9228632500789402,-7.69092864826103
Maramures,2014,46.31,179.0,46310.0,179000.0,25.87150837988827,-2.848928924886387,-10.060205865216542
Maramures,2015,31.51,169.65,31510.0,169650.0,18.57353374594754,-7.297974633940729,-31.95854027207946
Maramures,2016,29.63,167.44,29630.0,167440.0,17.69589106545628,-0.8776426804912596,-5.966359885750561
Maramures,2017,32.09,174.39,32090.000000000004,174390.0,18.40128447732095,0.7053934118646694,8.302396220047271
Maramures,2018,30.67,174.83,30670.0,174830.0,17.54275581993937,-0.85852865738158,-4.425054534122785
Maramures,2019,30.15,177.44,30150.0,177440.0,16.99165915238954,-0.5510966675498281,-1.695467883925661
Maramures,2020,29.28,174.12,29280.0,174120.0,16.815988973121986,-0.17567017926755568,-2.8855721393034828
Maramures,2021,31.74,181.43,31740.0,181430.0,17.494350438185524,0.6783614650635386,8.401639344262302
Maramures,2022,30.59,181.55,30590.0,181550.0,16.849352795373175,-0.6449976428123492,-3.6231884057971064
Mehedinti,2012,67.85,124.07,67850.0,124070.0,54.686870315144674,,
Mehedinti,2013,61.58,114.88,61580.0,114880.0,53.60376044568245,-1.083109869462227,-9.240972733971997
Mehedinti,2014,61.79,117.63,61790.0,117630.0,52.52911672192469,-1.0746437237577595,0.34101981162715234
Mehedinti,2015,50.25,103.14,50250.0,103140.0,48.72018615474113,-3.808930567183559,-18.676161191131246
Mehedinti,2016,42.62,98.78,42620.0,98780.0,43.14638590807856,-5.573800246662572,-15.184079601990053
Mehedinti,2017,48.7,109.36,48700.0,109360.0,44.53182150694953,1.38543559887097,14.265603003284832
Mehedinti,2018,48.24,106.95,48240.0,106950.0,45.10518934081347,0.5733678338639407,-0.944558521560579
Mehedinti,2019,42.26,104.46,42260.0,104460.0,40.45567681409152,-4.649512526721949,-12.396351575456055
Mehedinti,2020,38.94,100.13,38940.0,100130.0,38.88944372315989,-1.5662330909316253,-7.856128726928535
Mehedinti,2021,31.93,92.85,31930.0,92850.0,34.388799138395264,-4.500644584764629,-18.00205444273241
Mehedinti,2022,34.87,95.82,34870.0,95820.0,36.39115007305364,2.0023509346583737,9.207641716254301
Mures,2012,19.96,174.75,19960.0,174750.0,11.42203147353362,,
Mures,2013,21.59,177.38,21590.0,177380.0,12.171608975081746,0.7495775015481261,8.166332665330668
Mures,2014,23.0,179.13,23000.0,179130.0,12.839836989895606,0.6682280148138595,6.5308012968967155
Mures,2015,18.07,181.45,18070.0,181450.0,9.958666299255995,-2.8811706906396104,-21.434782608695656
Mures,2016,15.37,179.36,15370.0,179360.0,8.569357716324708,-1.389308582931287,-14.941892639734366
Mures,2017,16.94,184.02,16940.0,184020.0,9.20552113900663,0.6361634226819213,10.214703968770333
Mures,2018,13.86,177.27,13860.0,177270.0,7.818581824335759,-1.3869393146708706,-18.181818181818176
Mures,2019,15.92,181.01,15920.0,181010.0,8.795094193690957,0.9765123693551985,14.862914862914867
Mures,2020,15.32,182.15,15320.0,182150.0,8.410650562723031,-0.384443630967926,-3.7688442211055273
Mures,2021,27.73,192.51,27730.0,192510.0,14.404446522258585,5.993795959535554,81.00522193211488
Mures,2022,27.26,194.0,27260.0,194000.0,14.051546391752579,-0.352900130506006,-1.6949152542372836
Neamt,2012,130.64,241.33,130639.99999999999,241330.0,54.1333443832097,,
Neamt,2013,143.77,254.02,143770.0,254020.0,56.597905676718376,2.464561293508673,10.050520514390705
Neamt,2014,150.47,263.71,150470.0,263710.0,57.05889044784044,0.4609847711220638,4.660221186617508
Neamt,2015,167.13,286.6,167130.0,286600.0,58.31472435450104,1.2558339066605981,11.071974479962776
Neamt,2016,141.97,258.54,141970.0,258540.00000000003,54.91219927283979,-3.4025250816612456,-15.05414946448872
Neamt,2017,141.37,264.97,141370.0,264970.0,53.353209797335545,-1.558989475504248,-0.42262449813340597
Neamt,2018,138.32,263.6,138320.0,263600.0,52.47344461305007,-0.8797651842854748,-2.157459149748886
Neamt,2019,141.17,269.86,141170.0,269860.0,52.31231008671162,-0.1611345263384507,2.060439560439553
Neamt,2020,132.57,257.85,132570.0,257850.00000000003,51.41361256544502,-0.8986975212665982,-6.091945880852867
Neamt,2021,117.75,250.3,117750.0,250300.0,47.043547742708746,-4.370064822736275,-11.178999773704456
Neamt,2022,112.7,253.02,112700.0,253020.0,44.54193344399652,-2.5016142987122265,-4.288747346072186
Olt,2012,110.09,187.22,110090.0,187220.0,58.80247836769576,,
Olt,2013,103.39,181.61,103390.0,181610.0,56.92968448873961,-1.872793878956152,-6.085929693886816
Olt,2014,99.0,180.0,99000.0,180000.0,55.00000000000001,-1.9296844887396034,-4.246058613018667
Olt,2015,78.51,155.76,78510.0,155760.0,50.40446841294299,-4.5955315870570175,-20.696969696969692
Olt,2016,78.85,163.0,78850.0,163000.0,48.374233128834355,-2.0302352841086346,0.43306585148388255
Olt,2017,82.42,175.0,82420.0,175000.0,47.097142857142856,-1.277090271691499,4.527584020291697
Olt,2018,82.0,174.34,82000.0,174340.0,47.03453022828955,-0.06261262885330865,-0.5095850521718015
Olt,2019,77.47,172.5,77470.0,172500.0,44.91014492753623,-2.1243853007533176,-5.5243902439024435
Olt,2020,70.11,165.41,70110.0,165410.0,42.385587328456566,-2.524557599079664,-9.500451787788823
Olt,2021,61.83,155.19,61830.0,155190.0,39.841484631741736,-2.5441026967148304,-11.810012836970474
Olt,2022,58.01,153.13,58010.0,153130.0,37.882844641807615,-1.9586399899341203,-6.1782306323791
Prahova,2012,69.69,316.26,69690.0,316260.0,22.035666856383987,,
Prahova,2013,65.83,320.43,65830.0,320430.0,20.544268639016323,-1.4913982173676636,-5.538814751040322
Prahova,2014,69.04,323.91,69040.0,323910.0,21.314562687166188,0.7702940481498644,4.8761962631019395
Prahova,2015,55.08,307.26,55080.0,307260.0,17.926186291739896,-3.3883763954262918,-20.22016222479722
Prahova,2016,50.5,306.22,50500.0,306220.0,16.49141140356606,-1.434774888173834,-8.315177923021055
Prahova,2017,43.94,316.84,43940.0,316840.0,13.868198459790431,-2.6232129437756306,-12.990099009900991
Prahova,2018,45.31,315.63,45310.0,315630.0,14.355416151823338,0.48721769203290677,3.117888029130622
Prahova,2019,42.25,308.46,42250.0,308460.0,13.697075795889258,-0.6583403559340795,-6.753476053851248
Prahova,2020,36.88,298.19,36880.0,298190.0,12.36795331835407,-1.3291224775351882,-12.710059171597631
Prahova,2021,29.38,293.42,29380.0,293420.0,10.012950719105717,-2.355002599248353,-20.33622559652929
Prahova,2022,27.78,287.2,27780.0,287200.0,9.672701949860725,-0.34024876924499203,-5.445881552076237
Salaj,2012,37.36,96.14,37360.0,96140.0,38.859995839400874,,
Salaj,2013,44.02,102.77,44020.0,102770.0,42.83351172521164,3.9735158858107695,17.826552462526756
Salaj,2014,33.79,95.78,33790.0,95780.0,35.27876383378576,-7.554747891425883,-23.23943661971831
Salaj,2015,28.39,92.59,28390.0,92590.0,30.66205853763905,-4.6167052961467085,-15.98105948505475
Salaj,2016,24.91,90.42,24910.0,90420.0,27.549214775492146,-3.1128437621469054,-12.257837266643179
Salaj,2017,29.6,97.69,29600.0,97690.0,30.299928344764055,2.750713569271909,18.827780008028896
Salaj,2018,24.78,93.39,24780.0,93390.0,26.533890138130424,-3.766038206633631,-16.28378378378378
Salaj,2019,21.78,89.11,21780.0,89110.0,24.441701268095613,-2.0921888700348106,-12.106537530266348
Salaj,2020,19.75,87.28,19750.0,87280.0,22.62832263978002,-1.8133786283155935,-9.320477502295688
Salaj,2021,21.58,91.86,21580.0,91860.0,23.492270846940997,0.863948207160977,9.26582278481012
Salaj,2022,22.15,91.84,22150.0,91840.0,24.118031358885013,0.6257605119440157,2.641334569045406
Satu Mare,2012,68.3,168.91,68300.0,168910.0,40.43573500680836,,
Satu Mare,2013,71.34,171.99,71340.0,171990.0,41.47915576487005,1.0434207580616928,4.450951683748161
Satu Mare,2014,60.43,169.32,60430.0,169320.0,35.68981809591307,-5.789337668956982,-15.292963274460336
Satu Mare,2015,46.84,153.64,46840.0,153640.0,30.486852382192144,-5.202965713720925,-22.488830051299026
Satu Mare,2016,45.09,151.54,45090.0,151540.0,29.75452025867758,-0.7323321235145634,-3.736122971818956
Satu Mare,2017,46.74,158.14,46740.0,158140.0,29.556089540913117,-0.19843071776446308,3.659347970725224
Satu Mare,2018,40.37,151.04,40370.0,151040.0,26.72801906779661,-2.828070473116508,-13.628583654257598
Satu Mare,2019,34.2,144.16,34200.0,144160.0,23.72364039955605,-3.004378668240559,-15.28362645528858
Satu Mare,2020,29.77,139.97,29770.0,139970.0,21.268843323569335,-2.454797075986715,-12.953216374269005
Satu Mare,2021,35.05,147.41,35050.0,147410.0,23.77721999864324,2.5083766750739045,17.735975814578442
Satu Mare,2022,34.71,147.1,34710.0,147100.0,23.596193065941538,-0.18102693270170178,-0.9700427960057101
Sibiu,2012,14.5,168.71,14500.0,168710.0,8.594629838183865,,
Sibiu,2013,16.32,171.21,16320.0,171210.0,9.532153495707025,0.93752365752316,12.551724137931043
Sibiu,2014,14.4,171.04,14400.0,171040.0,8.41908325537886,-1.113070240328165,-11.764705882352944
Sibiu,2015,13.22,175.13,13220.0,175130.0,7.548678124821562,-0.8704051305572982,-8.194444444444448
Sibiu,2016,11.99,182.87,11990.0,182870.0,6.556570241154919,-0.9921078836666428,-9.30408472012103
Sibiu,2017,14.0,186.25,14000.0,186250.0,7.516778523489933,0.9602082823350138,16.763969974979155
Sibiu,2018,11.12,176.23,11120.0,176230.0,6.309935879248709,-1.206842644241224,-20.571428571428573
Sibiu,2019,11.85,179.1,11850.0,179100.0,6.61641541038526,0.30647953113655113,6.564748201438841
Sibiu,2020,11.5,176.28,11500.0,176280.0,6.523712275924664,-0.09270313446059575,-2.9535864978902926
Sibiu,2021,19.05,180.35,19050.0,180350.0,10.56279456612143,4.039082290196767,65.65217391304347
Sibiu,2022,19.77,185.67,19770.0,185670.0,10.647923735660042,0.08512916953861094,3.779527559055129
Suceava,2012,134.83,268.75,134830.0,268750.0,50.1693023255814,,
Suceava,2013,132.38,267.26,132380.0,267260.0,49.53229065329642,-0.6370116722849772,-1.8171030186160397
Suceava,2014,133.32,278.95,133320.0,278950.0,47.793511381968095,-1.738779271328326,0.7100770509140375
Suceava,2015,127.73,274.38,127730.0,274380.0,46.55222683869087,-1.2412845432772244,-4.192919291929198
Suceava,2016,125.51,276.24,125510.0,276240.0,45.43512887344338,-1.1170979652474884,-1.7380411806153573
Suceava,2017,134.06,291.88,134060.0,291880.0,45.92983417842949,0.49470530498610543,6.812206198709259
Suceava,2018,135.21,291.68,135210.0,291680.0,46.3555951727921,0.42576099436261217,0.8578248545427325
Suceava,2019,126.81,290.4,126810.0,290400.0,43.667355371900825,-2.6882398008912745,-6.2125582427335235
Suceava,2020,126.38,284.86,126380.0,284860.0,44.365653303377094,0.6982979314762687,-0.3390899771311462
Suceava,2021,115.04,286.21,115040.0,286210.0,40.19426295377521,-4.171390349601886,-8.972938756132297
Suceava,2022,108.41,286.23,108410.0,286230.0,37.87513538063795,-2.3191275731372585,-5.763212795549377
Teleorman,2012,99.55,172.76,99550.0,172760.0,57.62329242880296,,
Teleorman,2013,93.08,168.72,93080.0,168720.0,55.168326220957795,-2.4549662078451675,-6.499246609743848
Teleorman,2014,101.81,176.57,101810.0,176570.0,57.659851616922474,2.491525395964679,9.379028792436618
Teleorman,2015,74.75,147.9,74750.0,147900.0,50.540906017579445,-7.118945599343029,-26.578921520479327
Teleorman,2016,59.52,135.9,59520.0,135900.0,43.796909492273734,-6.743996525305711,-20.37458193979933
Teleorman,2017,55.02,135.47,55020.0,135470.0,40.61415811618809,-3.1827513760856476,-7.560483870967738
Teleorman,2018,56.58,133.98,56580.0,133980.0,42.230183609493956,1.6160254933058695,2.8353326063249806
Teleorman,2019,56.66,132.31,56660.0,132310.0,42.82367168014511,0.5934880706511549,0.14139271827500188
Teleorman,2020,49.06,123.95,49060.0,123950.0,39.58047599838645,-3.243195681758664,-13.413342746205437
Teleorman,2021,41.52,115.87,41520.0,115870.0,35.83326141365323,-3.7472145847332143,-15.368935996738687
Teleorman,2022,39.03,111.05,39030.0,111050.0,35.14633048176497,-0.6869309318882628,-5.997109826589597
Timis,2012,66.93,324.9,66930.0,324900.0,20.600184672206836,,
Timis,2013,63.71,318.58,63710.0,318580.0,19.998116642601545,-0.6020680296052916,-4.810996563573888
Timis,2014,53.53,319.32,53530.0,319320.0,16.763747964424404,-3.234368678177141,-15.978653272641663
Timis,2015,28.56,309.41,28560.0,309410.0,9.23047089622184,-7.533277068202564,-46.646740145712684
Timis,2016,24.74,304.19,24740.0,304190.0,8.133074723034944,-1.0973961731868958,-13.37535014005602
Timis,2017,22.45,307.62,22450.0,307620.0,7.297965021780117,-0.8351097012548276,-9.256265157639454
Timis,2018,17.88,315.43,17880.0,315430.0,5.668452588529943,-1.6295124332501736,-20.356347438752785
Timis,2019,19.15,317.75,19150.0,317750.0,6.026750590086546,0.3582980015566024,7.102908277404918
Timis,2020,21.45,313.91,21450.0,313910.0,6.833168742633237,0.8064181525466916,12.010443864229758
Timis,2021,28.62,321.02,28620.0,321020.0,8.915332378044983,2.082163635411746,33.42657342657343
Timis,2022,24.74,324.44,24740.0,324440.0,7.625446923930464,-1.2898854541145193,-13.55695317959469
Tulcea,2012,51.02,107.33,51020.0,107330.0,47.53563775272524,,
Tulcea,2013,44.33,98.77,44330.0,98770.0,44.882049205224256,-2.6535885475009877,-13.112504900039202
Tulcea,2014,41.25,96.55,41250.0,96550.0,42.723977213878825,-2.1580719913454303,-6.94789081885856
Tulcea,2015,40.43,99.64,40430.0,99640.0,40.5760738659173,-2.147903347961524,-1.987878787878783
Tulcea,2016,34.2,94.66,34200.0,94660.0,36.1293048806254,-4.446768985291904,-15.409349492950774
Tulcea,2017,33.09,93.16,33090.0,93160.0,35.51953628166596,-0.609768598959441,-3.2456140350877183
Tulcea,2018,33.09,93.81,33090.0,93810.0,35.27342500799489,-0.2461112736710689,0.0
Tulcea,2019,31.53,93.73,31530.0,93730.0,33.63917635762296,-1.63424865037193,-4.714415231187674
Tulcea,2020,31.0,91.01,31000.0,91010.0,34.06219096802549,0.4230146104025323,-1.6809387884554439
Tulcea,2021,36.09,97.48,36090.0,97480.0,37.022979072630285,2.960788104604795,16.419354838709687
Tulcea,2022,33.41,93.82,33410.0,93820.0,35.610743977829884,-1.4122350948004012,-7.425879745081742
Valcea,2012,74.43,168.57,74430.0,168570.0,44.15376401494929,,
Valcea,2013,77.0,170.48,77000.0,170480.0,45.16658845612389,1.012824441174601,3.4529087733440766
Valcea,2014,79.82,174.39,79820.0,174390.0,45.77097310625609,0.6043846501322037,3.662337662337656
Valcea,2015,54.73,147.56,54730.0,147560.0,37.089997289238276,-8.680975817017817,-31.43322475570033
Valcea,2016,41.65,139.73,41650.0,139730.0,29.80748586559794,-7.2825114236403365,-23.899141238808696
Valcea,2017,54.21,162.12,54210.0,162120.0,33.43819393042191,3.6307080648239705,30.15606242497
Valcea,2018,56.35,162.93,56350.0,162930.0,34.58540477505677,1.1472108446348628,3.947611141855756
Valcea,2019,47.71,156.79,47710.0,156790.0,30.429236558453987,-4.1561682166027865,-15.33274179236912
Valcea,2020,44.99,152.98,44990.0,152980.0,29.40907308144856,-1.0201634770054255,-5.701110878222593
Valcea,2021,50.41,158.93,50410.0,158930.0,31.718366576480207,2.309293495031646,12.047121582573904
Valcea,2022,47.06,153.99,47060.0,153990.0,30.560426001688423,-1.157940574791784,-6.645506843880177
Vaslui,2012,114.84,190.73,114840.0,190730.0,60.21076915010749,,
Vaslui,2013,112.5,187.56,112500.0,187560.0,59.980806142034545,-0.2299630080729429,-2.0376175548589393
Vaslui,2014,119.59,191.83,119590.0,191830.0,62.34165667518114,2.3608505331465963,6.302222222222231
Vaslui,2015,142.41,215.3,142410.0,215300.0,66.14491407338596,3.8032573982048206,19.08186303202608
Vaslui,2016,125.09,201.59,125090.0,201590.0,62.05168907187857,-4.093225001507392,-12.162067270556843
Vaslui,2017,127.5,205.16,127500.0,205160.0,62.14661727432248,0.09492820244390998,1.9266128387561032
Vaslui,2018,132.95,207.65,132950.0,207650.0,64.02600529737539,1.8793880230529112,4.274509803921567
Vaslui,2019,125.5,202.14,125500.0,202140.0,62.08568318986841,-1.9403221075069794,-5.60361037984205
Vaslui,2020,120.98,196.23,120980.0,196230.0,61.65214289354329,-0.4335402963251198,-3.601593625498012
Vaslui,2021,115.33,192.72,115330.0,192720.0,59.843295973432966,-1.8088469201103266,-4.670193420400071
Vaslui,2022,114.58,195.18,114580.0,195180.0,58.7047853263654,-1.1385106470675623,-0.6503078123645145
Vrancea,2012,37.54,104.98,37540.0,104980.0,35.75919222709088,,
Vrancea,2013,34.1,101.79,34100.0,101790.0,33.50034384517143,-2.2588483819194494,-9.163558870538091
Vrancea,2014,32.25,98.95,32250.0,98950.0,32.5922182920667,-0.9081255531047319,-5.425219941348969
Vrancea,2015,29.44,103.87,29440.0,103870.0,28.343121209203815,-4.249097082862882,-8.713178294573643
Vrancea,2016,28.42,105.21,28420.0,105210.0,27.012641383898874,-1.3304798253049412,-3.464673913043481
Vrancea,2017,27.06,100.96,27060.0,100960.0,26.8026941362916,-0.2099472476072748,-4.785362420830397
Vrancea,2018,28.28,105.33,28280.0,105330.0,26.848950916168235,0.04625677987663579,4.508499630450857
Vrancea,2019,27.09,104.42,27090.0,104420.0,25.943305880099597,-0.9056450360686377,-4.207920792079212
Vrancea,2020,28.65,103.79,28650.0,103790.0,27.603815396473646,1.6605095163740486,5.75858250276855
Vrancea,2021,34.38,110.65,34380.0,110650.0,31.070944419340265,3.4671290228666187,19.999999999999996
Vrancea,2022,31.53,109.79,31530.0,109790.0,28.718462519355132,-2.3524818999851327,-8.289703315881326
